id,geoid,metro,region,lat,lon,year,oned_index,economy_index,education_index,equity_index,quality_of_life_index,transit_index,econ_exports,econ_gmp,econ_hightech,econ_kiemploy,econ_pcpi,econ_techpatents,econ_biztaxindex,edu_pctbachhigher2534,edu_pctbachhigher,edu_enrolled,edu_hsdiploma,edu_unemployednohs,edu_ppstatebudget,edu_ppspending,qol_aqi,qol_popchange,qol_popwohealthins,qol_vcrimert,qol_vthourspc,qol_obese,equity_fbpop,equity_gini,equity_incshareq1,equity_incshareq2,equity_incshareq3,equity_incshareq4,equity_incshareq5,equity_incsharetop5,equity_medhhincblack,equity_medhhinchisp,equity_medhhincwhite,equity_medhhinctotal,equity_childpovrtblack,equity_childpovrthisp,equity_childpovrtwhite,equity_childpovrttotal,equity_homeownershipblack,equity_homeownershiphisp,equity_homeownershipwhite,equity_homeownershiptotal,transit_hoursdelayedpc,transit_caralone,transit_novehicle,transit_bustrips,transit_statefunding
1,1,"Albany-Schenectady-Amsterdam, NY",Northeast,42.65116740,-73.75496800,2009,2.46,1.43,3.22,2.88,2.64,2.15,3205083301.0,48834,0.1892,0.0496,41576.61,6.48,4.13,0.3987,0.3243,0.1838,0.9017,0.0116,8853.00,18764.00,0.7507,0,0,309.90,0,0,0.0654,0.429,0.038,0.097,0.159,0.241,0.465,0.19,34407,36941,64383,61497,0.321,0.3573,0.0781,0.1288,0.319,0.3943,0.7081,0.6708,33,0.8812,0.0442,15194.28,227.58
2,2,"Atlanta-Sandy Springs-Gainesville, GA-AL",Southeast,33.74909870,-84.39018490,2009,2.15,1.51,2.51,2.78,2.56,1.42,13405896061.0,52065,0.0816,0.0613,40140.99,2.28,5.16,0.3534,0.3424,0.2249,0.8596,0.017,7471.00,9602.00,0.3507,0.0137,0,439.70,0.27,0.36,0.1283,0.455,0.036,0.093,0.149,0.227,0.494,0.218,46369,42877,74045,61989,0.2469,0.3265,0.0694,0.1676,0.5358,0.453,0.7886,0.6846,52,0.8792,0.0328,83509.69,0.55
3,3,"Austin-Round Rock-Marble Falls, TX",Southwest,30.27112860,-97.74369950,2009,2.52,2.15,2.65,2.69,3.47,1.62,5963713817.0,48589,0.1414,0.1196,40214.56,12.94,6.02,0.3917,0.3843,0.1987,0.8607,0.0086,7004.00,8722.00,0.7151,0.0297,0,356.10,0.196,0.388,0.1449,0.451,0.036,0.093,0.151,0.231,0.489,0.213,40671,46275,72153,61769,0.2748,0.2903,0.0555,0.1702,0.4172,0.4769,0.6584,0.593,44,0.8689,0.025,38417.49,1.16
4,4,"Birmingham-Hoover-Cullman, AL",Southeast,33.52068240,-86.80243260,2009,1.76,1.31,1.84,1.95,2.14,1.57,1449892790.0,45570,0.1807,0.0307,40247.90,0.66,5.30,0.3015,0.2633,0.1985,0.8435,0.0109,5709.00,8666.00,0.3534,0.0073,0,534.60,0.282,0.314,0.037,0.475,0.034,0.086,0.144,0.226,0.51,0.234,33894,46641,59006,50519,0.3373,0.2639,0.0931,0.1822,0.5319,0.4114,0.7992,0.7131,36,0.9477,0.0197,2805.11,0.00
5,5,"Boston-Worcester-Manchester, MA-RI-NH",Northeast,42.36048230,-71.05956780,2009,2.58,2.16,3.47,2.14,3.2,1.91,18972622895.0,69662,0.005,-0.0035,57426.47,6.96,4.99,0.5403,0.4215,0.1866,0.8988,0.0086,7463.00,14781.00,0.6164,0.0098,0,400.20,0.26,0.446,0.1591,0.469,0.03,0.088,0.151,0.231,0.5,0.224,45121,40361,80759,75363,0.2462,0.3048,0.0561,0.1077,0.3488,0.2778,0.698,0.6384,54,0.7698,0.0661,108168.86,196.60
6,6,"Buffalo-Niagara-Cattaraugus, NY",Northeast,42.88644680,-78.87836890,2009,2.15,1.13,3.12,1.82,2.56,2.09,3561761172.0,40990,0.2213,0.0517,39432.73,1.81,4.13,0.3659,0.2746,0.1869,0.883,0.0079,8853.00,18764.00,0.6247,-0.0009,0,514.60,0.297,0.368,0.0538,0.457,0.033,0.088,0.151,0.237,0.489,0.208,26123,24118,54560,49860,0.4637,0.4453,0.1166,0.2006,0.3447,0.3334,0.7324,0.6713,33,0.8978,0.0479,21399.20,227.58
7,7,"Charlotte-Gastonia-Salisbury, NC-SC",Southeast,35.22708690,-80.84312680,2009,2.19,1.63,2.51,2.31,2.93,1.58,4133440705.0,51145,0.2676,0.174,38301.51,1.24,4.74,0.3841,0.3252,0.2171,0.8574,0.0162,8260.00,8632.00,0.537,0.0205,0,528.20,0.266,0.366,0.0945,0.466,0.036,0.09,0.145,0.224,0.505,0.23,40891,40314,66314,57028,0.2672,0.3238,0.0789,0.1644,0.4792,0.4196,0.7661,0.6731,41,0.9071,0.0249,21539.45,7.77
8,8,"Chicago-Naperville-Michigan City, IL-IN-WI",Midwest,41.87562080,-87.62437060,2009,1.94,1.7,2.79,2.45,0.97,1.8,28196644216.0,55029,0.0436,-0.011,46193.72,2.43,5.26,0.3904,0.3326,0.2151,0.8538,0.0114,7591.00,11880.00,0.1808,0.0048,0,0,0,0.358,0.1729,0.468,0.033,0.089,0.148,0.227,0.503,0.229,38214,50794,75574,64338,0.3761,0.2325,0.0565,0.1701,0.4298,0.563,0.773,0.6769,53,0.796,0.0568,349272.30,44.43
9,9,"Cincinnati-Middletown-Wilmington, OH-KY-IN",Midwest,39.10145370,-84.51246020,2009,2,1.31,2.19,2.37,2.43,1.71,15488673599.0,47743,0.1038,0.0582,41071.48,2.95,4.12,0.3319,0.2829,0.2058,0.8677,0.0106,5092.00,11132.00,0.4,0.006,0,341.80,0.288,0.333,0.0366,0.450,0.035,0.092,0.153,0.234,0.485,0.208,30247,51079,60837,56667,0.4193,0.3243,0.1096,0.1645,0.3479,0.4737,0.7435,0.6887,33,0.9077,0.0296,26644.34,1.27
10,10,"Cleveland-Akron-Elyria, OH",Midwest,41.48718880,-81.67786910,2009,1.79,1.11,2.02,1.94,2.13,1.76,8012639472.0,50472,0.0557,-0.0018,41638.00,2.45,4.12,0.3221,0.2671,0.2016,0.8678,0.0125,5092.00,11132.00,0.3753,-0.0019,0,428.70,0.285,0.34,0.0554,0.465,0.032,0.088,0.15,0.233,0.497,0.218,29140,34676,58570,51003,0.4577,0.3521,0.0984,0.2036,0.3957,0.4692,0.7584,0.6725,31,0.8954,0.0366,38776.67,1.27
11,11,"Columbus-Marion-Chillicothe, OH",Midwest,39.96226010,-83.00070650,2009,2.2,1.17,2.53,2.38,3.26,1.66,2872727669.0,49230,0.1505,0.0554,39495.14,1.70,4.12,0.3948,0.3287,0.2014,0.889,0.009,5092.00,11132.00,0.7753,0.0117,0,370.40,0.304,0.372,0.0657,0.448,0.035,0.094,0.154,0.234,0.484,0.205,35254,39543,60698,56400,0.3981,0.3748,0.1261,0.187,0.3911,0.3683,0.6979,0.6428,37,0.9077,0.0218,17208.79,1.27
12,12,"Dallas-Fort Worth, TX",Southeast,32.78010520,-96.80000820,2009,2.24,1.96,2.27,2.43,3.03,1.49,19881823950.0,56083,0.1065,0.0802,43156.54,2.66,6.02,0.2863,0.3017,0.2251,0.8155,0.0095,7004.00,8722.00,0.4685,0.021,0,410.80,0.29,0.369,0.1754,0.463,0.036,0.089,0.146,0.228,0.501,0.223,41248,41427,74252,59407,0.3026,0.3064,0.0681,0.1924,0.4295,0.5025,0.7165,0.6246,45,0.9146,0.0224,48882.04,1.16
13,13,"Dayton-Springfield-Greenville, OH",Midwest,39.75894780,-84.19160690,2009,1.83,0.85,1.83,2.47,2.15,1.83,3771032292.0,41600,0.1241,0.0088,34877.00,1.83,4.12,0.2692,0.2471,0.1922,0.8784,0.012,5092.00,11132.00,0.6822,0,0,333.30,0,0.335,0.0297,0.442,0.035,0.094,0.155,0.238,0.478,0.197,30533,46415,54305,50104,0.4496,0.2944,0.1324,0.1934,0.4052,0.4856,0.7103,0.6599,26,0.9161,0.0267,6960.45,1.27
14,14,"Denver-Aurora-Boulder, CO",West,39.73915360,-104.98470340,2009,2.34,1.84,2.01,2.54,3.58,1.72,4309755210.0,59373,0.0682,0.0519,49016.58,2.02,5.89,0.364,0.374,0.2014,0.8778,0.0181,4588.00,8964.00,0.6055,0.0184,0,346.90,0.311,0.443,0.1215,0.455,0.035,0.092,0.151,0.231,0.49,0.216,36867,42564,72036,63906,0.3499,0.3186,0.065,0.1659,0.409,0.4783,0.7313,0.6672,42,0.851,0.0294,77222.05,4.85
15,15,"Detroit-Warren-Flint, MI",Midwest,42.34866350,-83.05673750,2009,1.68,1.18,1.92,2.3,1.39,1.6,28405159986.0,43399,-0.1029,-0.0633,39198.67,3.97,5.30,0.2924,0.2625,0.2103,0.8623,0.017,5829.00,10966.00,0.5315,-0.0064,0,1139.80,0.247,0.318,0.0867,0.457,0.033,0.089,0.151,0.238,0.489,0.206,33875,41719,62196,54747,0.425,0.358,0.1245,0.2201,0.4997,0.5945,0.8081,0.7298,39,0.9269,0.0284,51377.33,20.27
16,16,"Fresno-Madera, CA",Southwest,36.72944550,-119.70886061,2009,1.58,0.74,1.53,2.02,1.47,2.16,1659787127.0,33405,0.1502,0.1162,30107.17,0.34,4.00,0.1768,0.1926,0.2471,0.7317,0.0123,6574.00,9058.00,0.3397,0,0,510.90,0,0,0.2158,0.461,0.035,0.086,0.147,0.235,0.496,0.21,26354,38494,64916,49351,0.4637,0.3751,0.1126,0.3094,0.2927,0.4358,0.6714,0.5454,16,0.8904,0.0343,14062.02,41.44
17,17,"Grand Rapids-Muskegon-Holland, MI",Midwest,42.96335990,-85.66808630,2009,2.05,0.83,2.33,2.69,2.46,1.93,2408514541.0,39731,-0.0203,0.0218,31582.26,1.51,5.30,0.3009,0.2616,0.2149,0.8701,0.0086,5829.00,10966.00,0.7973,0,0,379.90,0,0.366,0.062,0.436,0.039,0.097,0.156,0.235,0.474,0.203,26873,35690,55945,52513,0.5547,0.3893,0.1193,0.1951,0.3673,0.4939,0.7898,0.7434,24,0.916,0.023,8865.69,20.27
18,18,"Greensboro-Winston-Salem-High Point, NC",Southeast,36.07263550,-79.79197540,2009,1.79,1.03,1.85,1.98,2.22,1.84,3168617536.0,46065,0.0542,0.0821,33627.40,1.03,4.74,0.2731,0.2583,0.1952,0.8294,0.0148,8260.00,8632.00,0.6923,0,0,479.20,0,0.373,0.0758,0.467,0.035,0.088,0.145,0.227,0.504,0.226,34422,33500,53539,46266,0.3358,0.3996,0.126,0.2268,0.4587,0.4858,0.744,0.6593,25,0.9267,0.026,4359.97,7.77
19,19,"Greenville-Spartanburg-Anderson, SC",Southeast,34.85123160,-82.39851050,2009,1.62,1.28,1.74,2.01,1.79,1.26,7912151052.0,36471,0.1939,0.1184,31639.61,2.59,5.21,0.3048,0.2698,0.1943,0.8232,0.0104,5242.00,9347.00,0.5479,0,0,0,0,0.387,0.0657,0.459,0.034,0.089,0.149,0.234,0.494,0.214,31285,32569,53352,47681,0.3997,0.3784,0.1335,0.2093,0.4714,0.3855,0.7522,0.6858,0,0.9256,0.0265,742.10,1.39
20,20,"Hartford-West Hartford-Willimantic, CT",Northeast,41.76559900,-72.69058501,2009,2.7,1.9,3.38,2.8,3.56,1.84,7542114070.0,68852,0.0972,0.0276,52582.45,3.43,4.81,0.3967,0.3461,0.1961,0.8826,0.0095,10294.00,15393.00,0.8055,0.0043,0,294.30,0.357,0.43,0.1198,0.445,0.035,0.093,0.157,0.236,0.479,0.205,46899,36267,78587,70599,0.2571,0.3563,0.0498,0.1311,0.4197,0.2915,0.7742,0.6895,35,0.8973,0.0301,14995.30,83.14
21,21,"Houston-Baytown-Huntsville, TX",Southeast,29.95192650,-95.54091698,2009,2.22,2.86,2.23,2.1,2.53,1.39,65820898833.0,64441,0.2244,0.1347,46171.72,2.83,6.02,0.2681,0.2827,0.2333,0.7949,0.0085,7004.00,8722.00,0.2986,0.0264,0,706.80,0.248,0.356,0.2149,0.479,0.033,0.084,0.142,0.226,0.514,0.231,40299,42372,78938,58532,0.3078,0.3002,0.0725,0.2134,0.4529,0.5257,0.733,0.625,50,0.9066,0.0298,72937.85,1.16
22,22,"Indianapolis-Anderson-Columbus, IN",Midwest,39.76837950,-86.15804470,2009,1.98,1.7,1.99,2.42,2.27,1.52,8030895808.0,57002,0.0756,0.0796,39880.11,2.31,5.88,0.3516,0.3089,0.2138,0.8674,0.0195,5553.00,9352.00,0.2986,0.0125,0,627.90,0.292,0.341,0.0539,0.451,0.037,0.093,0.151,0.23,0.489,0.216,33832,38372,61858,56310,0.3454,0.326,0.1136,0.1706,0.4288,0.4047,0.7382,0.6794,42,0.9271,0.0193,8199.81,8.59
23,23,"Jacksonville, FL",Southeast,30.33218380,-81.65565100,2009,2.19,1.71,1.91,2.88,2.68,1.74,1634426129.0,42243,0.1463,0.103,40692.69,0.64,6.92,0.2682,0.2593,0.204,0.8712,0.0133,6324.00,8784.00,0.663,0.0093,0,695.70,0.241,0.389,0.0749,0.446,0.038,0.096,0.153,0.229,0.485,0.216,37866,48828,62551,55866,0.3156,0.2171,0.105,0.169,0.4876,0.5485,0.7444,0.6776,31,0.9162,0.0272,10253.89,9.74
24,24,"Kansas City-Overland Park-Kansas City, MO-KS",Midwest,39.08446870,-94.56302980,2009,2.3,1.6,2.47,2.93,2.62,1.91,5888851280.0,51750,0.1121,0.0539,43720.84,1.84,5.57,0.3614,0.3202,0.2085,0.8905,0.0134,6682.00,9688.00,0.3973,0.0106,0,535.90,0.29,0.384,0.0591,0.436,0.039,0.096,0.156,0.235,0.474,0.201,34010,41931,64533,59150,0.3603,0.2986,0.0878,0.1518,0.4316,0.5179,0.737,0.686,24,0.9185,0.0199,15474.36,1.15
25,25,"Knoxville-Sevierville-La Follette, TN",Southeast,35.96039480,-83.92102610,2009,1.76,1.44,2.26,1.73,1.74,1.61,1887460998.0,38434,0.307,0.1393,32485.52,1.74,5.42,0.342,0.2824,0.1988,0.8574,0.009,7435.00,7836.00,0.4575,0,0,494.40,0,0,0.0325,0.468,0.033,0.088,0.148,0.229,0.502,0.223,26936,39363,50494,48585,0.5492,0.4195,0.1407,0.1907,0.4218,0.4356,0.7281,0.7006,37,0.9363,0.0157,3455.00,5.59
26,26,"Las Vegas-Paradise-Pahrump, NV",Southwest,36.14520400,-115.16118060,2009,2.17,2.49,1.31,3.43,2.23,1.37,1022713786.0,44625,0.5391,0.2659,37419.23,0.77,7.37,0.2079,0.2166,0.2004,0.8218,0.0236,8431.00,8320.00,0.4849,0.0141,0,810.90,0.183,0.367,0.2192,0.429,0.042,0.1,0.156,0.23,0.472,0.205,44221,50056,66387,59708,0.278,0.2255,0.081,0.1593,0.3503,0.4704,0.6469,0.5762,50,0.8972,0.0377,66100.24,0.00
27,27,"Los Angeles-Long Beach-Riverside, CA",Southwest,34.05367810,-118.24270250,2009,1.93,1.77,2.07,2,2,1.79,51528365660.0,58554,0.0378,0.0217,45076.42,3.02,4.00,0.317,0.3029,0.2136,0.778,0.009,6574.00,9058.00,0.0932,0.0064,0,482.70,0.219,0.39,0.3439,0.485,0.032,0.083,0.141,0.224,0.52,0.24,45337,49601,80511,63557,0.2774,0.2683,0.0628,0.2013,0.3611,0.4038,0.6112,0.5089,60,0.8452,0.0415,589290.43,41.44
28,28,"Louisville-Jefferson County-Elizabethtown-Scottsburg, KY-IN",Southeast,38.25423760,-85.75940700,2009,1.9,1.37,1.85,2.24,2.37,1.66,5316140761.0,0,0.1475,0.1041,38995.48,0.77,4.95,0.2981,0.2431,0.1999,0.859,0.017,7125.00,9496.00,0.2822,0.0091,0,370.40,0.263,0.354,0.0399,0.452,0.036,0.092,0.152,0.232,0.488,0.214,30054,39425,54745,50891,0.4386,0.384,0.1209,0.1925,0.4039,0.3822,0.7532,0.6956,33,0.9223,0.0305,15520.76,0.37
29,29,"Memphis, TN-MS-AR",Southeast,35.14902150,-90.05162850,2009,1.63,1.49,1.94,1.65,1.54,1.51,8442864810.0,46810,0.2023,0.0556,38724.40,1.43,5.42,0.261,0.2463,0.2256,0.8317,0.015,7435.00,7836.00,0.4849,0.0053,0,1146.90,0.273,0.28,0.0468,0.482,0.031,0.084,0.144,0.226,0.515,0.234,33223,38452,64266,48363,0.4412,0.3424,0.0945,0.2914,0.5051,0.4298,0.7711,0.6442,39,0.9318,0.0303,10358.21,5.59
30,30,"Miami-Fort Lauderdale-Pompano Beach, FL",Southeast,25.77426580,-80.19365890,2009,1.92,1.98,1.77,1.97,2.33,1.54,31174986589.0,45043,0.0988,0.0375,43342.26,1.32,6.92,0.2978,0.2864,0.1892,0.8229,0.0119,6324.00,8784.00,0.674,0.0092,0,797.50,0.148,0.383,0.3675,0.496,0.031,0.081,0.137,0.219,0.531,0.252,39981,45282,61832,51601,0.3186,0.204,0.077,0.1918,0.4999,0.5778,0.7658,0.6552,47,0.8821,0.0372,125101.70,9.74
31,31,"Milwaukee-Racine-Waukesha, WI",Midwest,43.03499310,-87.92249700,2009,2.32,1.34,2.71,2.44,3.2,1.92,6505382169.0,55114,-0.0293,0.02,44840.17,3.26,4.76,0.3583,0.309,0.206,0.8831,0.007,6721.00,11198.00,0.7616,0.0074,0,494.20,0.334,0.394,0.0684,0.448,0.037,0.092,0.153,0.235,0.483,0.21,29433,40628,64960,56951,0.4667,0.267,0.0631,0.1878,0.3376,0.4452,0.6991,0.6285,26,0.8918,0.0368,48198.21,22.25
32,32,"Minneapolis-St. Paul-St. Cloud, MN-WI",Midwest,44.97729950,-93.26546920,2009,2.69,1.94,3.18,3.03,3.33,1.97,20096703030.0,57855,0.1656,0.0463,47860.56,6.27,4.61,0.4236,0.3749,0.205,0.9186,0.0046,6429.00,11028.00,0.4932,0.0089,0,,0.366,0.378,0.0898,0.436,0.039,0.098,0.156,0.23,0.476,0.209,31019,45155,73601,69197,0.4065,0.2633,0.0531,0.1176,0.2838,0.4743,0.7783,0.7298,32,0.8686,0.0281,77581.41,45.98
33,33,"Nashville-Davidson-Murfreesboro-Columbia, TN",Southeast,36.16222570,-86.77434190,2009,2.1,1.91,2.03,2.36,2.75,1.46,4406608834.0,49329,0.3334,0.1969,40832.61,0.84,5.42,0.3411,0.2978,0.1781,0.8666,0.0117,7435.00,7836.00,0.5342,0.0168,0,659.40,0.327,0.34,0.0704,0.458,0.037,0.093,0.148,0.223,0.499,0.229,37401,38866,59668,55088,0.3582,0.3551,0.1138,0.1766,0.4693,0.4136,0.7421,0.6865,46,0.9196,0.0179,10259.65,5.59
34,34,"New Orleans-Metairie-Bogalusa, LA",Southeast,29.94993230,-90.07011560,2009,1.91,1.12,1.96,1.84,2.75,1.86,10145071310.0,59465,-0.0163,-0.1353,44241.07,0.74,4.98,0.2791,0.2522,0.1989,0.8313,0.0142,7596.00,10744.00,0.3452,0.0282,0,547.70,0.238,0.356,0.0663,0.478,0.032,0.085,0.144,0.23,0.51,0.229,32791,44102,62142,50336,0.3835,0.1965,0.1001,0.2311,0.4804,0.5321,0.7488,0.6548,24,0.8942,0.0424,11970.45,1.10
35,35,"New York-Newark-Bridgeport, NY-NJ-CT-PA",Northeast,40.73059910,-73.98658120,2009,2.41,2.36,3.41,1.31,2.4,2.57,69990311832.0,66352,0.086,0.0133,55508.67,2.43,4.13,0.4357,0.3552,0.197,0.8411,0.0079,8853.00,18764.00,0.2685,0.0067,0,381.90,0.164,0.44,0.2772,0.504,0.027,0.078,0.138,0.223,0.534,0.252,46575,43991,85461,68283,0.2681,0.2949,0.0807,0.176,0.3295,0.2688,0.6716,0.5308,58,0.5742,0.2236,1251043.68,227.58
36,36,"Oklahoma City-Shawnee, OK",West,35.47074190,-97.51988060,2009,2.1,1.38,2.09,2.07,3.41,1.54,987642684.0,46517,0.1805,0.062,39065.77,0.83,5.40,0.2879,0.2696,0.2,0.8661,0.0102,7240.00,7771.00,0.5589,0.0174,0,,0.336,0.343,0.0723,0.462,0.036,0.09,0.147,0.228,0.499,0.226,32630,34089,54594,49449,0.3749,0.3626,0.1229,0.202,0.4127,0.5055,0.7125,0.655,39,0.9344,0.0194,2684.09,1.49
37,37,"Orlando-Deltona-Daytona Beach, FL",Southeast,28.54211750,-81.37904620,2009,2.21,2.09,1.73,2.98,2.83,1.44,2947145800.0,47303,0.3717,0.1814,35641.36,1.19,6.92,0.2887,0.2714,0.1973,0.8661,0.0179,6324.00,8784.00,0.7534,0.0117,0,682.80,0.281,0.356,0.1578,0.446,0.04,0.095,0.149,0.226,0.49,0.217,40230,43981,60363,53422,0.2645,0.2267,0.0877,0.1626,0.4803,0.527,0.7414,0.6624,48,0.9043,0.0246,23747.80,9.74
38,38,"Philadelphia-Camden-Vineland, PA-NJ-DE-MD",Northeast,39.95233500,-75.16378900,2009,2.13,1.89,2.6,2.2,2.2,1.77,19067430357.0,58324,0.1279,0.0438,48749.61,2.88,5.14,0.3923,0.3203,0.2004,0.873,0.0086,5717.00,12401.00,0.2384,0.0059,0,575.60,0.263,0.389,0.0896,0.467,0.031,0.088,0.15,0.233,0.499,0.22,38821,38260,75532,64488,0.3309,0.3482,0.0554,0.1579,0.5023,0.4737,0.772,0.6977,49,0.819,0.0616,189801.37,94.31
39,39,"Phoenix-Mesa-Glendale, AZ",Southwest,33.36116800,-112.12130217,2009,2.06,1.62,1.93,2.9,2.13,1.74,7947525373.0,43335,0.2382,0.1434,37676.22,2.55,5.25,0.2486,0.2711,0.2127,0.8321,0.0132,7283.00,8203.00,0.0877,0.0115,0,393.70,0.263,0.347,0.1642,0.447,0.038,0.095,0.152,0.229,0.486,0.215,43896,44673,65054,58539,0.3151,0.3088,0.0811,0.2009,0.4043,0.5347,0.7401,0.6726,36,0.8834,0.0313,70304.52,0.00
40,40,"Pittsburgh-New Castle, PA",Midwest,40.44169410,-79.99008610,2009,1.93,1.5,2.36,2.05,1.92,1.81,8343042682.0,47077,0.1699,0.0229,43956.15,2.42,5.14,0.4016,0.2823,0.1731,0.9032,0.0088,5717.00,12401.00,0.1315,-0.0006,0,342.90,0.279,0.342,0.0309,0.461,0.035,0.088,0.149,0.231,0.497,0.219,25812,45048,52842,50351,0.4749,0.2133,0.1171,0.1658,0.3616,0.5075,0.748,0.7097,41,0.8643,0.0407,59794.01,94.31
41,41,"Portland-Vancouver-Hillsboro, OR-WA",West,45.52024710,-122.67419490,2009,2.51,2.02,2.24,2.86,3.61,1.82,15482351809.0,59393,0.0773,0.0638,41290.45,6.83,6.04,0.3473,0.335,0.1944,0.8925,0.0125,5335.00,10102.00,0.6356,0.0156,0,268.50,0.383,0.401,0.1219,0.437,0.039,0.097,0.156,0.233,0.476,0.203,35197,43045,63325,60695,0.3562,0.3055,0.1083,0.1526,0.3525,0.39,0.6678,0.6368,42,0.8199,0.033,74529.09,22.29
42,42,"Raleigh-Durham-Cary, NC",Southeast,35.78040150,-78.63907790,2009,2.72,1.96,3.27,3.03,3.37,1.97,1799461128.0,50655,0.3046,0.1431,41330.21,9.03,4.74,0.4595,0.4186,0.2165,0.8871,0.0092,8260.00,8632.00,0.6301,0.0305,0,278.20,0.203,0.365,0.1094,0.439,0.04,0.095,0.153,0.234,0.479,0.202,42334,38193,74239,64435,0.2443,0.3277,0.0551,0.1337,0.473,0.4035,0.7652,0.6821,23,0.9017,0.0212,2058.52,7.77
43,43,"Richmond, VA",Southeast,37.54123900,-77.44201830,2009,2.31,1.6,2.22,2.96,2.89,1.87,4096802197.0,50171,0.202,0.0818,38966.06,1.27,5.70,0.3467,0.3075,0.1972,0.852,0.0106,5666.00,11248.00,0.6603,0.0098,0,293.20,0.251,0.35,0.0607,0.443,0.038,0.096,0.153,0.23,0.483,0.21,42930,46496,71384,61266,0.28,0.3168,0.0639,0.1527,0.5262,0.4163,0.7798,0.6928,27,0.9102,0.0286,13841.90,26.44
44,44,"Rochester-Batavia-Seneca Falls, NY",Northeast,43.15728510,-77.61521410,2009,2.59,1.18,3.44,2.66,3.4,2.27,4873989644.0,44370,0.1036,-0.0243,38554.17,8.86,4.13,0.3819,0.3142,0.1941,0.8806,0.0047,8853.00,18764.00,0.863,0,0,292.60,0.326,0.307,0.0641,0.436,0.037,0.095,0.158,0.239,0.471,0.197,29744,32533,59789,55079,0.4227,0.3936,0.0912,0.1746,0.3531,0.4171,0.7527,0.6969,26,0.901,0.0377,16918.13,227.58
45,45,"Sacramento-Arden-Arcade-Yuba City, CA-NV",West,38.47322590,-121.29807070,2009,2.33,1.31,2.36,3.19,2.84,1.97,3502025890.0,44411,0.218,0.1119,41916.52,1.83,4.00,0.2974,0.2973,0.2105,0.8676,0.0081,6574.00,9058.00,0.6082,0.0115,0,508.50,0.258,0.38,0.1697,0.430,0.039,0.096,0.157,0.239,0.469,0.19,41621,49957,69721,64081,0.3063,0.2373,0.0929,0.1631,0.3803,0.4918,0.6836,0.6246,30,0.8733,0.0227,22169.78,41.44
46,46,"Salt Lake City-Ogden-Clearfield, UT",West,40.76064670,-111.89109000,2009,2.61,1.99,2.21,3.64,3.33,1.87,7783456295.0,57883,0.2916,0.1356,38881.87,1.16,5.94,0.2878,0.2969,0.2313,0.882,0.0144,6497.00,6579.00,0.4356,0.0176,0,347.80,0.353,0.417,0.1146,0.417,0.044,0.104,0.159,0.232,0.462,0.196,34715,45864,66406,62560,0.2704,0.2184,0.0723,0.1101,0.2991,0.5093,0.7307,0.6909,31,0.8794,0.0184,20657.02,0.00
47,47,"San Antonio-New Braunfels, TX",Southwest,29.42460020,-98.49514050,2009,2.13,1.8,2.01,2.32,2.9,1.63,4390003429.0,36490,0.4158,0.1617,36197.27,1.52,6.02,0.24,0.2442,0.2269,0.8146,0.0105,7004.00,8722.00,0.6164,0.0215,0,469.60,0.192,0.363,0.1123,0.463,0.033,0.089,0.149,0.233,0.496,0.216,42241,40094,65453,50681,0.3621,0.2844,0.0955,0.2291,0.4866,0.601,0.7249,0.6482,37,0.9069,0.0315,43296.33,1.16
48,48,"San Diego-Carlsbad-San Marcos, CA",Southwest,32.74698690,-117.21177000,2009,2.28,1.8,2.38,2.75,2.6,1.91,13418553900.0,56698,0.0813,0.0701,47223.95,9.68,4.00,0.3515,0.3413,0.198,0.8554,0.0091,6574.00,9058.00,0.1753,0.0129,0,424.30,0.293,0.407,0.2255,0.451,0.036,0.092,0.151,0.233,0.488,0.208,50602,48612,76302,67139,0.2493,0.2475,0.0705,0.1588,0.3204,0.4268,0.6259,0.5595,36,0.8577,0.0261,63253.51,41.44
49,49,"San Jose-San Francisco-Oakland, CA",West,37.34385020,-121.88313490,2009,2.51,2.31,2.78,2.33,3.44,1.68,16040333965.0,82699,-0.0709,-0.0849,61066.21,15.62,4.00,0.4827,0.4334,0.1787,0.8686,0.0079,6574.00,9058.00,0.6493,0.0139,0,487.80,0.296,0.503,0.2934,0.475,0.031,0.085,0.147,0.23,0.507,0.224,42623,59747,94381,80535,0.2959,0.184,0.051,0.1194,0.3556,0.4614,0.6204,0.5617,60,0.721,0.0659,181821.91,41.44
50,50,"Seattle-Tacoma-Olympia, WA",West,47.60383210,-122.33006240,2009,2.77,3.14,2.72,2.99,3.21,1.76,36942252334.0,70304,0.1206,0.0738,51366.96,18.67,5.94,0.3955,0.3687,0.1855,0.9054,0.008,6787.00,9880.00,0.3562,0.0178,0,384.30,0.361,0.414,0.1556,0.439,0.038,0.097,0.155,0.232,0.478,0.207,41415,51722,73397,69608,0.3332,0.2449,0.0759,0.1221,0.347,0.4113,0.6659,0.6262,47,0.8096,0.033,132171.88,8.03
51,51,"St. Louis-St. Charles-Farmington, MO-IL",Midwest,38.62727330,-90.19788890,2009,2.12,1.35,2.28,2.64,2.58,1.74,9026664271.0,47724,-0.0018,0.0099,43282.67,1.59,5.57,0.3501,0.2894,0.2031,0.8759,0.0127,6682.00,9688.00,0.1644,0.0042,0,,0.31,0.365,0.0403,0.449,0.036,0.093,0.154,0.234,0.484,0.211,32519,51406,62785,56690,0.3869,0.258,0.0928,0.1683,0.4555,0.5547,0.7834,0.7195,32,0.9092,0.0278,34919.45,1.15
52,52,"Tampa-St. Petersburg-Clearwater, FL",Southeast,27.94775950,-82.45844400,2009,1.95,1.56,1.59,2.47,2.5,1.65,6463605939.0,39739,0.1233,0.0478,38371.64,1.09,6.92,0.2799,0.2553,0.1775,0.8611,0.0145,6324.00,8784.00,0.5479,0.0062,0,588.90,0.286,0.353,0.1192,0.458,0.038,0.091,0.147,0.226,0.498,0.222,35954,42878,52607,49145,0.3561,0.2485,0.1151,0.1831,0.4229,0.5483,0.7495,0.6897,39,0.8985,0.0254,26004.63,9.74
53,53,"Virginia Beach-Norfolk-Newport News, VA-NC",Southeast,36.85298410,-75.97741830,2009,2.25,1.46,2.03,3.55,2.58,1.64,2004495168.0,48525,0.2098,0.0592,37186.17,0.65,5.70,0.2605,0.271,0.2029,0.8862,0.0134,5666.00,11248.00,0.6932,0.0036,0,0,0.273,0.347,0.0592,0.422,0.041,0.101,0.16,0.236,0.463,0.194,43245,55190,69744,60100,0.2927,0.1491,0.0676,0.1547,0.4601,0.5012,0.731,0.6387,40,0.8974,0.0277,15195.00,26.44
54,54,"Washington-Baltimore-Northern Virginia, DC-MD-VA-WV",Northeast,38.89511480,-77.03637160,2009,3.12,2.09,4.09,3.84,3.15,2.44,9226116700.0,75283,0.2049,0.1063,40900.60,2.42,0,0.5024,0.4704,0.2018,0.8918,0.0091,0,18916.00,0.463,0.0189,0,445.90,0.309,0.406,0.202,0.435,0.039,0.098,0.156,0.232,0.475,0.203,65258,67628,108543,90767,0.1693,0.1195,0.0347,0.0893,0.526,0.5486,0.7469,0.6657,64,0.7732,0.0536,191863.83,509.18
55,1,"Albany-Schenectady-Amsterdam, NY",Northeast,42.65116740,-73.75496800,2010,2.68,1.44,3.36,2.93,3.5,2.15,3362914444.0,48756,-0.0081,0.0387,43083.37,8.47,3.66,0.4098,0.3303,0.182,0.9059,0.0065,8357.00,19371.00,0.7534,0,0.0813,310.40,0.238,0,0.0678,0.430,0.037,0.096,0.16,0.243,0.465,0.186,32293,36740,64219,60588,0.35,0.3636,0.0819,0.141,0.2885,0.3819,0.7055,0.66,31,0.88,0.047,13577.82,225.48
56,2,"Atlanta-Sandy Springs-Gainesville, GA-AL",Southeast,33.74909870,-84.39018490,2010,2.12,1.61,2.51,2.76,2.23,1.49,15009697170.0,51830,-0.02,0.0488,40133.99,3.17,5.01,0.3552,0.3447,0.224,0.864,0.0184,6970.00,9295.00,0.3205,0.0122,0.1887,413.80,0.239,0.374,0.1371,0.456,0.035,0.092,0.15,0.231,0.493,0.212,44994,40219,72573,59419,0.2531,0.3523,0.0792,0.1814,0.5275,0.4365,0.7893,0.6736,50,0.8802,0.0314,77839.56,0.23
57,3,"Austin-Round Rock-Marble Falls, TX",Southwest,30.27112860,-97.74369950,2010,2.59,2.59,2.97,2.57,3.15,1.66,8867750211.0,50094,0.1404,0.1475,41017.35,14.56,5.70,0.3943,0.3915,0.2042,0.8691,0.0059,7622.00,9002.00,0.7644,0.0269,0.1984,327.90,0.261,0.359,0.1462,0.457,0.034,0.091,0.15,0.231,0.493,0.214,41183,43875,69928,59718,0.3038,0.3035,0.0579,0.1845,0.4107,0.462,0.6567,0.5856,43,0.8627,0.0255,34814.35,1.16
58,4,"Birmingham-Hoover-Cullman, AL",Southeast,33.52068240,-86.80243260,2010,1.83,1.31,1.95,1.88,2.43,1.59,1687778234.0,46108,-0.0476,0.0245,41167.51,0.82,5.19,0.3191,0.2668,0.1995,0.8473,0.0104,5418.00,8651.00,0.3068,0.0033,0.1292,,0.257,0.337,0.0423,0.475,0.033,0.086,0.144,0.227,0.51,0.231,33606,42303,57908,49217,0.3552,0.357,0.1114,0.2063,0.5296,0.3379,0.8025,0.7112,35,0.9472,0.0212,2446.46,0.00
59,5,"Boston-Worcester-Manchester, MA-RI-NH",Northeast,42.36048230,-71.05956780,2010,2.67,2.37,3.46,2.05,3.52,1.97,21804527212.0,71936,-0.0407,-0.0041,58250.16,9.57,4.73,0.5393,0.4241,0.186,0.9016,0.0076,6863.00,14860.00,0.5918,0.0081,0.0458,406.00,0.297,0.432,0.1654,0.473,0.029,0.087,0.15,0.232,0.502,0.224,44265,39031,79363,73457,0.2637,0.3118,0.0556,0.1113,0.3254,0.259,0.691,0.6232,53,0.7688,0.0683,114954.83,211.35
60,6,"Buffalo-Niagara-Cattaraugus, NY",Northeast,42.88644680,-78.87836890,2010,2.21,1.06,3.06,2.1,2.75,2.07,3792134578.0,41497,-0.0259,0.0495,40387.68,2.09,3.66,0.3752,0.2779,0.1868,0.8887,0.009,8357.00,19371.00,0.5863,0.0002,0.0748,483.70,0.271,0.379,0.0594,0.452,0.034,0.089,0.154,0.24,0.483,0.201,25644,26063,54443,49614,0.4762,0.4336,0.1152,0.2056,0.3379,0.3529,0.7333,0.6667,33,0.8953,0.0477,20446.16,225.48
61,7,"Charlotte-Gastonia-Salisbury, NC-SC",Southeast,35.22708690,-80.84312680,2010,2.23,1.7,2.51,2.33,2.98,1.63,5424621748.0,51819,0.0254,0.1827,38695.59,1.78,4.66,0.3696,0.3216,0.2175,0.8558,0.018,8413.00,8199.00,0.4438,0.0127,0.1622,,0.287,0.37,0.1013,0.468,0.035,0.09,0.145,0.224,0.506,0.231,39215,41054,64416,55075,0.2936,0.3346,0.0871,0.1816,0.4794,0.442,0.7709,0.6737,39,0.9048,0.0249,20361.04,7.96
62,8,"Chicago-Naperville-Michigan City, IL-IN-WI",Midwest,41.87562080,-87.62437060,2010,2.31,1.77,2.99,2.5,2.45,1.86,33671980321.0,55727,-0.065,-0.0125,46676.83,3.11,5.01,0.3988,0.3377,0.214,0.8574,0.0101,8010.00,12512.00,0.1068,0.0045,0.1417,,0.255,0.388,0.1764,0.468,0.033,0.088,0.149,0.229,0.501,0.225,37745,49304,74027,62849,0.385,0.2426,0.0598,0.1789,0.4245,0.5473,0.7719,0.6711,51,0.7972,0.0565,336763.96,46.05
63,9,"Cincinnati-Middletown-Wilmington, OH-KY-IN",Midwest,39.10145370,-84.51246020,2010,2.06,1.42,2.21,2.36,2.68,1.63,17598516401.0,48841,-0.0481,0.0613,41188.69,4.36,4.04,0.3371,0.2887,0.2092,0.8745,0.0129,4561.00,11407.00,0.3178,0.0043,0.1122,314.10,0.305,0.381,0.0406,0.453,0.035,0.091,0.152,0.234,0.487,0.209,31177,45587,59932,55688,0.448,0.3276,0.1193,0.1799,0.3577,0.4515,0.7455,0.6873,37,0.9118,0.0281,22322.05,0.94
64,10,"Cleveland-Akron-Elyria, OH",Midwest,41.48718880,-81.67786910,2010,1.82,1.2,2.14,1.95,2.07,1.76,10260920081.0,52169,-0.0998,0.0082,42206.88,3.61,4.04,0.3313,0.2743,0.2005,0.874,0.0106,4561.00,11407.00,0.3507,-0.0024,0.1099,415.70,0.25,0.344,0.0575,0.466,0.032,0.088,0.149,0.233,0.498,0.218,28580,34400,57498,49806,0.4567,0.384,0.1072,0.2192,0.3967,0.4585,0.7609,0.6729,31,0.8964,0.0362,36386.16,0.94
65,11,"Columbus-Marion-Chillicothe, OH",Midwest,39.96226010,-83.00070650,2010,2.09,1.3,2.52,2.32,2.73,1.6,3554395226.0,50370,-0.0277,0.0789,39871.44,2.54,4.04,0.3914,0.3287,0.2053,0.8909,0.0106,4561.00,11407.00,0.5945,0.0099,0.1197,369.00,0.264,0.345,0.0695,0.453,0.034,0.092,0.152,0.234,0.488,0.207,33962,41181,59943,55078,0.4137,0.3533,0.1308,0.1976,0.3703,0.3765,0.6968,0.6355,40,0.9072,0.0234,17034.88,0.94
66,12,"Dallas-Fort Worth, TX",Southeast,32.78010520,-96.80000820,2010,2.24,2.19,2.47,2.52,2.49,1.53,22500361082.0,57032,0.0314,0.1012,44150.50,3.48,5.70,0.302,0.3088,0.228,0.8237,0.0109,7622.00,9002.00,0.5096,0.0175,0.2285,372.60,0.261,0.364,0.1747,0.462,0.036,0.089,0.146,0.229,0.5,0.22,40796,41492,72565,58674,0.3092,0.3091,0.0755,0.2012,0.4269,0.5108,0.7148,0.6225,44,0.9143,0.022,44240.31,1.16
67,13,"Dayton-Springfield-Greenville, OH",Midwest,39.75894780,-84.19160690,2010,2.01,0.69,1.9,2.61,2.98,1.85,2509770629.0,42385,-0.1478,0.0038,35587.11,2.16,4.04,0.2889,0.2504,0.195,0.8842,0.0135,4561.00,11407.00,0.674,0,0.1162,314.50,0.255,0.35,0.0332,0.443,0.035,0.094,0.155,0.239,0.477,0.196,29757,53471,53117,48762,0.4381,0.2756,0.1513,0.2092,0.4048,0.5193,0.7123,0.6589,24,0.9181,0.0279,6355.69,0.94
68,14,"Denver-Aurora-Boulder, CO",West,39.73915360,-104.98470340,2010,2.31,1.96,2.3,2.51,3.09,1.69,4990919572.0,59284,-0.0221,0.0471,49449.89,3.00,5.63,0.386,0.3813,0.2046,0.8801,0.0159,4407.00,9024.00,0.3863,0.0178,0.1557,337.10,0.279,0.43,0.1219,0.457,0.034,0.091,0.151,0.233,0.492,0.214,36751,42628,70737,63073,0.3726,0.3118,0.0625,0.164,0.4071,0.457,0.7204,0.6545,44,0.8523,0.0286,76168.18,2.55
69,15,"Detroit-Warren-Flint, MI",Midwest,42.34866350,-83.05673750,2010,1.83,1.36,2.03,2.36,1.84,1.58,43964703517.0,46314,-0.1853,-0.0728,39653.40,5.15,5.35,0.3049,0.2702,0.2098,0.8706,0.0175,5311.00,11113.00,0.4795,-0.0046,0.1227,635.40,0.249,0.329,0.0858,0.459,0.033,0.089,0.15,0.237,0.491,0.206,33129,42972,59960,53094,0.4239,0.3341,0.126,0.2209,0.4831,0.6001,0.804,0.7211,40,0.9288,0.0289,47995.24,20.00
70,16,"Fresno-Madera, CA",Southwest,36.72944550,-119.70886061,2010,1.67,0.94,1.63,1.94,1.66,2.17,2018450204.0,33237,0.0358,0.1039,30815.77,0.42,3.89,0.1836,0.197,0.2475,0.7354,0.0097,5932.00,9229.00,0.326,0,0.1957,536.90,0.21,0,0.2182,0.466,0.034,0.085,0.147,0.236,0.499,0.21,26183,37348,62809,47831,0.4714,0.4141,0.1301,0.3412,0.2898,0.4305,0.673,0.5415,15,0.884,0.0373,17589.43,46.83
71,17,"Grand Rapids-Muskegon-Holland, MI",Midwest,42.96335990,-85.66808630,2010,2.34,1.02,2.33,2.79,3.65,1.91,2474039500.0,41248,-0.1046,0.0311,32690.35,2.05,5.35,0.3003,0.263,0.2182,0.8757,0.0096,5311.00,11113.00,0.8329,0,0.1149,389.70,0.377,0.348,0.0587,0.435,0.039,0.096,0.157,0.236,0.473,0.199,26687,33257,54222,50544,0.5604,0.4204,0.1333,0.2174,0.3634,0.4899,0.7865,0.7365,24,0.917,0.0254,9307.11,20.00
72,18,"Greensboro-Winston-Salem-High Point, NC",Southeast,36.07263550,-79.79197540,2010,1.93,1.09,2.09,2.14,2.54,1.79,4007786594.0,46789,-0.0875,0.0784,34032.85,1.67,4.66,0.2838,0.2566,0.1934,0.8367,0.0101,8413.00,8199.00,0.5879,0,0.1646,383.80,0.282,0.327,0.082,0.466,0.036,0.089,0.145,0.225,0.505,0.227,33204,34826,52119,44854,0.3519,0.377,0.1334,0.2361,0.4504,0.4482,0.7556,0.6604,27,0.9297,0.0246,4486.08,7.96
73,19,"Greenville-Spartanburg-Anderson, SC",Southeast,34.85123160,-82.39851050,2010,1.73,1.22,1.72,2.01,2.4,1.28,8746341411.0,37342,-0.0618,0.1228,32158.27,2.99,5.03,0.3179,0.2747,0.1935,0.834,0.0145,5007.00,9215.00,0.5151,0,0.1633,518.60,0.309,0.321,0.0665,0.463,0.035,0.088,0.147,0.232,0.498,0.219,31473,29626,51557,46365,0.386,0.4117,0.1328,0.2151,0.4799,0.3798,0.7513,0.6869,0,0.9274,0.0233,695.96,1.31
74,20,"Hartford-West Hartford-Willimantic, CT",Northeast,41.76559900,-72.69058501,2010,2.64,2.05,3.31,2.75,3.3,1.79,7894220547.0,68005,-0.0013,0.0281,53204.78,4.61,4.72,0.394,0.3481,0.1957,0.8854,0.0126,10459.00,15619.00,0.7863,0.0027,0.0754,297.40,0.298,0.38,0.1257,0.450,0.034,0.092,0.155,0.236,0.484,0.207,43893,35425,76873,69133,0.2604,0.331,0.0496,0.1295,0.4224,0.3029,0.7757,0.6882,38,0.8965,0.0311,14755.44,86.38
75,21,"Houston-Baytown-Huntsville, TX",Southeast,29.95192650,-95.54091698,2010,2.23,3.1,2.36,2.32,1.98,1.4,80569747924.0,63816,0.1038,0.1562,47407.46,3.75,5.70,0.274,0.2838,0.231,0.7996,0.0083,7622.00,9002.00,0.3397,0.021,0.2483,620.70,0.219,0.369,0.2223,0.473,0.033,0.085,0.144,0.228,0.509,0.224,42336,42828,78089,58324,0.2935,0.3137,0.0748,0.2219,0.4647,0.539,0.736,0.6296,51,0.9087,0.0288,66663.05,1.16
76,22,"Indianapolis-Anderson-Columbus, IN",Midwest,39.76837950,-86.15804470,2010,2.08,1.88,2.11,2.37,2.47,1.56,9446708109.0,58590,-0.0044,0.0903,40211.26,2.84,5.67,0.3502,0.3095,0.2159,0.8668,0.019,5064.00,9471.00,0.2658,0.0101,0.1358,205.80,0.25,0.362,0.0617,0.452,0.037,0.091,0.15,0.233,0.489,0.213,32908,35147,59980,54285,0.3539,0.3881,0.1205,0.19,0.4077,0.3955,0.7443,0.6772,41,0.9239,0.0201,8527.87,8.47
77,23,"Jacksonville, FL",Southeast,30.33218380,-81.65565100,2010,2.24,1.9,1.95,2.77,2.81,1.78,1940462242.0,42068,0.0292,0.1126,41306.27,1.26,6.62,0.2677,0.2625,0.202,0.8746,0.012,5734.00,8597.00,0.6247,0.0106,0.1635,557.00,0.287,0.386,0.0785,0.451,0.036,0.094,0.152,0.229,0.488,0.217,36819,46016,60499,54382,0.3254,0.227,0.1237,0.1897,0.4964,0.5182,0.7406,0.6761,30,0.9129,0.026,10757.46,9.87
78,24,"Kansas City-Overland Park-Kansas City, MO-KS",Midwest,39.08446870,-94.56302980,2010,2.28,1.66,2.53,2.94,2.42,1.83,7374127565.0,52916,-0.0315,0.0374,43740.17,2.70,5.37,0.3672,0.325,0.2116,0.8911,0.0139,6161.00,9717.00,0.3288,0.0095,0.1279,461.30,0.294,0.345,0.0625,0.439,0.038,0.095,0.156,0.236,0.476,0.202,33587,41986,63758,58219,0.3675,0.2917,0.0967,0.1632,0.4162,0.5033,0.7387,0.6804,27,0.9188,0.0217,15101.86,1.05
79,25,"Knoxville-Sevierville-La Follette, TN",Southeast,35.96039480,-83.92102610,2010,1.92,1.48,2.12,1.87,2.52,1.61,2280249702.0,38533,0.0418,0.1413,33461.83,2.91,5.10,0.3538,0.2894,0.1806,0.8722,0.0112,6924.00,7978.00,0.3589,0,0.1106,466.10,0.27,0.354,0.0375,0.463,0.034,0.089,0.148,0.231,0.498,0.217,24880,33018,49894,47607,0.4587,0.4428,0.1505,0.1944,0.3886,0.4041,0.7321,0.6978,37,0.936,0.0166,2988.29,5.70
80,26,"Las Vegas-Paradise-Pahrump, NV",Southwest,36.14520400,-115.16118060,2010,2.05,2.35,1.15,3.36,1.86,1.52,1187803785.0,43351,0.1064,0.298,36501.83,1.16,7.05,0.2122,0.2183,0.1955,0.8251,0.0299,7507.00,8482.00,0.5315,0.0072,0.2217,763.40,0.194,0.396,0.2205,0.433,0.04,0.098,0.156,0.232,0.474,0.202,42334,48057,64162,57324,0.3078,0.2628,0.0872,0.1863,0.3396,0.4457,0.6448,0.5663,44,0.8949,0.0362,56382.29,0.00
81,27,"Los Angeles-Long Beach-Riverside, CA",Southwest,34.05367810,-118.24270250,2010,1.87,1.9,2.02,2.04,1.59,1.8,62167613418.0,58211,-0.0278,-0.0006,45098.71,3.91,3.89,0.3254,0.307,0.2103,0.781,0.0098,5932.00,9229.00,0.0932,0.0054,0.2138,442.60,0.215,0.375,0.3449,0.485,0.031,0.083,0.142,0.225,0.518,0.236,45743,48811,78806,62241,0.2854,0.2822,0.0684,0.2125,0.3596,0.3997,0.6073,0.5042,61,0.8436,0.0407,554560.15,46.83
82,28,"Louisville-Jefferson County-Elizabethtown-Scottsburg, KY-IN",Southeast,38.25423760,-85.75940700,2010,1.92,1.6,1.9,2.36,2.1,1.62,6187772288.0,0,-0.0202,0.1185,39393.38,1.25,5.18,0.3089,0.2483,0.2022,0.862,0.0201,6743.00,9803.00,0.2329,0.008,0.1217,395.20,0.238,0.337,0.0458,0.449,0.036,0.092,0.152,0.233,0.486,0.209,30397,36509,53825,49619,0.4517,0.3666,0.1322,0.2078,0.3978,0.3469,0.749,0.6878,35,0.9223,0.0304,15788.41,0.33
83,29,"Memphis, TN-MS-AR",Southeast,35.14902150,-90.05162850,2010,1.61,1.42,1.92,1.86,1.33,1.54,11069053034.0,46534,-0.044,0.043,39136.43,2.26,5.10,0.2619,0.2458,0.2223,0.8369,0.0167,6924.00,7978.00,0.3425,0.0067,0.1578,1006.50,0.248,0.289,0.0504,0.472,0.032,0.086,0.146,0.231,0.505,0.222,34103,34141,64505,48137,0.4172,0.4249,0.0963,0.2852,0.5073,0.3719,0.7733,0.6431,38,0.9349,0.0284,10114.03,5.70
84,30,"Miami-Fort Lauderdale-Pompano Beach, FL",Southeast,25.77426580,-80.19365890,2010,1.78,2.05,1.68,1.91,1.67,1.58,35866917854.0,44386,-0.0208,0.0297,44012.39,1.80,6.62,0.2906,0.2854,0.1839,0.824,0.0122,5734.00,8597.00,0.6,0.014,0.2557,609.20,0.15,0.342,0.3807,0.498,0.03,0.081,0.137,0.22,0.532,0.251,38601,43749,59723,49564,0.3328,0.2142,0.0902,0.2072,0.4993,0.5704,0.7631,0.6474,46,0.8831,0.0366,119750.14,9.87
85,31,"Milwaukee-Racine-Waukesha, WI",Midwest,43.03499310,-87.92249700,2010,2.34,1.46,2.67,2.33,3.34,1.87,7654506672.0,55767,-0.0764,0.0194,45255.69,3.61,4.54,0.3553,0.3117,0.2082,0.8857,0.0083,6214.00,11506.00,0.7123,0.0046,0.0961,464.10,0.363,0.391,0.068,0.453,0.036,0.09,0.151,0.235,0.487,0.211,29265,38551,63560,54763,0.5009,0.3156,0.0652,0.2106,0.3397,0.4267,0.6989,0.6219,28,0.8925,0.0375,43595.42,23.31
86,32,"Minneapolis-St. Paul-St. Cloud, MN-WI",Midwest,44.97729950,-93.26546920,2010,2.74,2.01,3.1,3.03,3.64,1.95,23192787044.0,59168,-0.0297,0.05,48639.70,8.67,4.44,0.4284,0.377,0.209,0.9186,0.007,5961.00,10728.00,0.5342,0.0076,0.0879,,0.373,0.384,0.095,0.439,0.038,0.097,0.156,0.231,0.478,0.209,29608,44428,72143,67292,0.4231,0.271,0.0593,0.1326,0.2643,0.4487,0.7743,0.7194,34,0.8656,0.0282,78435.45,51.27
87,33,"Nashville-Davidson-Murfreesboro-Columbia, TN",Southeast,36.16222570,-86.77434190,2010,2.15,1.9,2.28,2.38,2.71,1.48,5748505522.0,50464,0.0392,0.2048,42159.69,1.25,5.10,0.3436,0.3005,0.2013,0.8609,0.0113,6924.00,7978.00,0.3973,0.0131,0.1332,643.20,0.326,0.378,0.0749,0.458,0.036,0.092,0.149,0.227,0.496,0.222,36933,37029,58016,53513,0.3808,0.3611,0.1273,0.1964,0.4641,0.4006,0.7339,0.6762,46,0.919,0.0172,8667.18,5.70
88,34,"New Orleans-Metairie-Bogalusa, LA",Southeast,29.94993230,-90.07011560,2010,1.75,1.07,1.94,1.76,2.23,1.75,13964856943.0,61325,-0.165,-0.1413,44587.75,0.87,4.74,0.3037,0.2616,0.1983,0.8381,0.016,6567.00,10758.00,0.2603,0.0237,0.1763,466.50,0.185,0.301,0.0705,0.481,0.031,0.083,0.143,0.231,0.512,0.226,31478,45732,60762,48642,0.412,0.1797,0.0996,0.2394,0.483,0.4696,0.7389,0.6371,28,0.8976,0.0458,11008.46,1.10
89,35,"New York-Newark-Bridgeport, NY-NJ-CT-PA",Northeast,40.73059910,-73.98658120,2010,2.47,2.47,3.36,1.35,2.61,2.55,85081156547.0,67499,-0.0125,0.0071,56946.07,3.40,3.66,0.4427,0.3577,0.195,0.8425,0.0072,8357.00,19371.00,0.3315,0.0066,0.1312,391.90,0,0.405,0.2842,0.503,0.027,0.078,0.139,0.225,0.532,0.247,46138,43968,84180,66593,0.2814,0.3014,0.0837,0.1839,0.3242,0.2634,0.6741,0.5245,59,0.5734,0.2274,1230428.62,225.48
90,36,"Oklahoma City-Shawnee, OK",West,35.47074190,-97.51988060,2010,2.1,1.45,2.12,2.22,3.1,1.59,1196128101.0,45993,0.0197,0.0684,39754.37,0.97,4.97,0.2831,0.2686,0.2027,0.8671,0.0106,6914.00,7760.00,0.589,0.0163,0.1793,,0.294,0.351,0.0756,0.460,0.036,0.09,0.148,0.23,0.496,0.22,33136,35452,54433,49362,0.4157,0.3536,0.1333,0.2189,0.4205,0.5045,0.7182,0.6595,37,0.9352,0.0196,2747.68,1.64
91,37,"Orlando-Deltona-Daytona Beach, FL",Southeast,28.54211750,-81.37904620,2010,2.13,2.14,1.9,2.98,2.09,1.55,3453604914.0,47023,0.1054,0.1805,36219.09,1.43,6.62,0.289,0.2726,0.1997,0.8706,0.0149,5734.00,8597.00,0.6932,0.0131,0.2093,613.70,0.193,0.343,0.1617,0.449,0.039,0.094,0.149,0.227,0.49,0.213,38080,41841,58661,51000,0.3018,0.2494,0.0973,0.1849,0.469,0.5312,0.7344,0.6536,44,0.9061,0.0235,24780.70,9.87
92,38,"Philadelphia-Camden-Vineland, PA-NJ-DE-MD",Northeast,39.95233500,-75.16378900,2010,2.19,1.96,2.65,2.16,2.37,1.81,22710013702.0,58696,-0.023,0.0319,49301.46,3.54,5.03,0.3961,0.3269,0.2005,0.8769,0.0087,5326.00,13023.00,0.3096,0.0051,0.0984,551.80,0.23,0.399,0.0947,0.470,0.03,0.086,0.149,0.234,0.5,0.218,38008,39532,74491,63197,0.3269,0.3306,0.0608,0.1616,0.5037,0.4729,0.7683,0.6913,48,0.8172,0.063,187333.13,96.76
93,39,"Phoenix-Mesa-Glendale, AZ",Southwest,33.36116800,-112.12130217,2010,2.09,1.72,2.01,2.81,2.16,1.76,9342732987.0,43156,0.036,0.1751,37283.67,3.22,5.01,0.2613,0.2779,0.2106,0.847,0.0123,6439.00,8255.00,0.1726,0.0134,0.1708,370.80,0.247,0.36,0.149,0.450,0.037,0.094,0.151,0.231,0.487,0.212,42761,42193,61936,55688,0.3095,0.3252,0.0986,0.2124,0.376,0.5274,0.7262,0.6599,35,0.8836,0.0305,54315.80,0.00
94,40,"Pittsburgh-New Castle, PA",Midwest,40.44169410,-79.99008610,2010,2.08,1.61,2.45,2.09,2.38,1.86,12160690152.0,48710,-0.0309,0.0319,44881.51,3.14,5.03,0.4057,0.2872,0.1728,0.9081,0.0076,5326.00,13023.00,0.2493,0.0006,0.0816,319.50,0.283,0.35,0.0316,0.462,0.035,0.087,0.148,0.231,0.498,0.219,26722,44707,52592,50052,0.4609,0.2131,0.1181,0.17,0.3659,0.4827,0.7479,0.7078,39,0.8611,0.0421,57697.05,96.76
95,41,"Portland-Vancouver-Hillsboro, OR-WA",West,45.52024710,-122.67419490,2010,2.58,2.15,2.23,2.83,3.85,1.84,18544873728.0,63025,-0.0001,0.0543,41460.11,7.93,5.59,0.348,0.3364,0.1951,0.8934,0.0131,4668.00,9911.00,0.8164,0.0118,0.1442,,0.317,0.403,0.1255,0.439,0.038,0.096,0.155,0.234,0.477,0.202,34098,41680,60973,58545,0.4028,0.3218,0.1134,0.1635,0.3369,0.3828,0.6573,0.6246,43,0.8098,0.0354,67114.76,28.42
96,42,"Raleigh-Durham-Cary, NC",Southeast,35.78040150,-78.63907790,2010,2.69,2.1,3.22,3.07,3.08,1.96,1912390725.0,51820,0.0843,0.1393,41238.07,11.34,4.66,0.443,0.4168,0.2172,0.8915,0.0121,8413.00,8199.00,0.5288,0.0246,0.1413,242.60,0.233,0.371,0.1181,0.441,0.039,0.094,0.153,0.234,0.48,0.2,42197,36833,72779,62837,0.248,0.3872,0.0615,0.1503,0.4839,0.4003,0.7595,0.677,23,0.9039,0.0193,2260.28,7.96
97,43,"Richmond, VA",Southeast,37.54123900,-77.44201830,2010,2.2,1.67,2.18,2.89,2.41,1.83,4606486185.0,50977,0.0028,0.0813,39095.35,2.06,5.53,0.3467,0.3103,0.1934,0.8509,0.0092,5065.00,10894.00,0.5671,0.0079,0.1274,269.30,0.209,0.328,0.0678,0.448,0.037,0.094,0.151,0.232,0.486,0.21,42277,42417,70519,59587,0.286,0.2888,0.0603,0.1561,0.5238,0.4008,0.7825,0.6894,29,0.9082,0.0273,14158.47,23.91
98,44,"Rochester-Batavia-Seneca Falls, NY",Northeast,43.15728510,-77.61521410,2010,2.68,1.27,3.34,2.68,3.92,2.19,5116404222.0,44825,-0.0434,-0.0209,39509.68,12.10,3.66,0.3822,0.3228,0.1935,0.8833,0.0054,8357.00,19371.00,0.8,0,0.0756,317.10,0.367,0.374,0.0691,0.440,0.037,0.094,0.156,0.237,0.476,0.2,27722,32924,58964,54131,0.4621,0.3838,0.0894,0.1823,0.361,0.4042,0.752,0.6923,28,0.8986,0.04,17058.93,225.48
99,45,"Sacramento-Arden-Arcade-Yuba City, CA-NV",West,38.47322590,-121.29807070,2010,2.3,1.29,2.29,3.19,2.82,1.94,4070468342.0,43905,0.0016,0.0793,41566.45,2.24,3.89,0.2948,0.297,0.2103,0.8676,0.0092,5932.00,9229.00,0.5671,0.0104,0.1214,478.10,0.228,0.409,0.1734,0.433,0.038,0.095,0.157,0.24,0.47,0.189,41618,48421,67297,61824,0.3256,0.2712,0.0975,0.1836,0.3619,0.4701,0.6794,0.616,32,0.8692,0.0239,21295.54,46.83
100,46,"Salt Lake City-Ogden-Clearfield, UT",West,40.76064670,-111.89109000,2010,2.56,2.09,2.15,3.48,3.22,1.88,10719243593.0,57790,0.0696,0.1409,38897.87,1.58,5.80,0.2903,0.2972,0.2373,0.8791,0.0181,5678.00,6358.00,0.5507,0.0165,0.1607,355.50,0.302,0.418,0.1153,0.424,0.042,0.101,0.158,0.232,0.467,0.201,36076,44077,65044,60995,0.3565,0.2609,0.0854,0.133,0.2736,0.4995,0.7265,0.6831,30,0.8815,0.0199,21716.86,0.00
101,47,"San Antonio-New Braunfels, TX",Southwest,29.42460020,-98.49514050,2010,2.23,1.95,2.12,2.56,2.9,1.64,6416227273.0,37202,0.1166,0.1893,37062.31,2.84,5.70,0.2516,0.2526,0.226,0.8203,0.0133,7622.00,9002.00,0.6822,0.0225,0.1986,484.00,0.298,0.367,0.1164,0.459,0.033,0.09,0.151,0.234,0.492,0.211,43226,41891,65449,51697,0.3374,0.2898,0.085,0.2328,0.4893,0.5988,0.726,0.6467,37,0.9089,0.0304,41323.06,1.16
102,48,"San Diego-Carlsbad-San Marcos, CA",Southwest,32.74698690,-117.21177000,2010,2.34,2.05,2.39,2.72,2.66,1.89,16464280268.0,55921,0.0096,0.0608,47334.91,14.21,3.89,0.3477,0.341,0.195,0.8554,0.0068,5932.00,9229.00,0.2986,0.014,0.1728,378.50,0,0.412,0.2319,0.454,0.035,0.091,0.151,0.234,0.489,0.207,50667,47643,73488,64704,0.2677,0.2555,0.086,0.1738,0.3151,0.4171,0.6223,0.55,37,0.8585,0.0268,59705.21,46.83
103,49,"San Jose-San Francisco-Oakland, CA",West,37.34385020,-121.88313490,2010,2.6,2.56,2.71,2.34,3.67,1.71,21355417046.0,89806,-0.1063,-0.0918,61623.88,20.53,3.89,0.4847,0.4355,0.1779,0.8698,0.0101,5932.00,9229.00,0.6986,0.0098,0.1176,0,0,0.448,0.2996,0.474,0.03,0.085,0.147,0.232,0.505,0.22,43568,59547,92507,78746,0.3005,0.193,0.0525,0.1251,0.3453,0.4285,0.618,0.5504,60,0.7214,0.0681,177021.62,46.83
104,50,"Seattle-Tacoma-Olympia, WA",West,47.60383210,-122.33006240,2010,2.86,3.23,2.72,3.07,3.51,1.78,35409613553.0,71404,0.0248,0.0751,51239.67,22.27,5.81,0.3901,0.3696,0.1871,0.9033,0.0063,6105.00,9700.00,0.7288,0.01,0.1218,353.00,0.322,0.423,0.1643,0.439,0.037,0.096,0.156,0.234,0.477,0.203,42282,49487,71912,68233,0.325,0.2673,0.0809,0.1326,0.3443,0.3897,0.6598,0.615,47,0.8082,0.0337,126658.80,8.60
105,51,"St. Louis-St. Charles-Farmington, MO-IL",Midwest,38.62727330,-90.19788890,2010,2.1,1.48,2.41,2.54,2.29,1.76,11239450002.0,47876,-0.0599,0.0024,43294.05,2.12,5.37,0.3591,0.2958,0.2044,0.882,0.0111,6161.00,9717.00,0.1205,0.0038,0.1034,497.40,0.321,0.362,0.0425,0.452,0.035,0.091,0.152,0.235,0.487,0.21,32395,44519,61553,55055,0.3943,0.2742,0.1005,0.1783,0.4445,0.5443,0.7786,0.7093,31,0.9089,0.0277,26258.27,1.05
106,52,"Tampa-St. Petersburg-Clearwater, FL",Southeast,27.94775950,-82.45844400,2010,1.87,1.57,1.58,2.46,2.07,1.67,6633590623.0,39066,-0.0657,0.0481,40040.68,1.70,6.62,0.2779,0.2554,0.1769,0.8633,0.0152,5734.00,8597.00,0.4849,0.009,0.1858,500.00,0.212,0.355,0.1217,0.461,0.037,0.091,0.147,0.226,0.5,0.221,34844,40399,50848,47478,0.3801,0.2779,0.1258,0.2043,0.4203,0.543,0.7411,0.6821,38,0.8979,0.0274,26256.80,9.87
107,53,"Virginia Beach-Norfolk-Newport News, VA-NC",Southeast,36.85298410,-75.97741830,2010,2.38,1.54,2.09,3.71,3,1.57,2450729675.0,48395,0.0106,0.0681,37422.07,0.97,5.53,0.2692,0.2769,0.1991,0.8904,0.0113,5065.00,10894.00,0.6301,0.0072,0.1154,336.90,0.288,0.378,0.062,0.422,0.041,0.101,0.16,0.237,0.462,0.192,42877,57774,69834,60276,0.3025,0.1532,0.0695,0.1625,0.467,0.4658,0.7285,0.6368,43,0.9014,0.029,15048.11,23.91
108,54,"Washington-Baltimore-Northern Virginia, DC-MD-VA-WV",Northeast,38.89511480,-77.03637160,2010,3.18,2.2,4.15,3.88,3.24,2.44,11082879124.0,76035,0.05,0.1112,41363.90,3.20,0,0.4992,0.4688,0.1989,0.8906,0.0079,0,20460.00,0.4411,0.0212,0.1174,380.00,0.321,0.378,0.2135,0.435,0.038,0.097,0.156,0.234,0.474,0.2,64612,66005,107668,89745,0.1838,0.125,0.0385,0.0974,0.5148,0.5126,0.7382,0.6516,66,0.7661,0.0579,181877.27,542.19
109,1,"Albany-Schenectady-Amsterdam, NY",Northeast,42.65116740,-73.75496800,2011,2.47,1.03,3.42,2.91,2.81,2.16,3525061256.0,48643,0,0,44580.54,8.19,3.59,0.4188,0.3349,0.1782,0.9103,0.009,8686.00,19883.00,0.7233,0,0.0774,282.60,0.247,0,0.0675,0.432,0.037,0.096,0.159,0.242,0.467,0.188,29472,39209,63627,59970,0.3923,0.3633,0.0858,0.1521,0.2518,0.3831,0.7063,0.6576,31,0.882,0.047,13566.58,0
110,2,"Atlanta-Sandy Springs-Gainesville, GA-AL",Southeast,33.74909870,-84.39018490,2011,2.21,1.16,2.61,2.5,2.93,1.83,17229096733.0,51785,0,0,40529.44,3.18,4.83,0.3542,0.3439,0.2233,0.8645,0.0157,6789.00,8997.00,0.3342,0.0132,0.194,400.90,0.282,0.397,0.135,0.463,0.033,0.09,0.148,0.231,0.498,0.214,42466,37377,69296,56408,0.2837,0.392,0.093,0.2051,0.5124,0.4248,0.7834,0.6639,51,0.8811,0.0317,69855.83,0
111,3,"Austin-Round Rock-Marble Falls, TX",Southwest,30.27112860,-97.74369950,2011,2.65,1.97,2.92,2.54,3.77,2.07,8626302975.0,50755,0,0,41345.85,14.21,6.12,0.3978,0.3989,0.204,0.8729,0.0071,6721.00,8903.00,0.6521,0.0307,0.194,287.10,0.317,0.406,0.1465,0.460,0.034,0.091,0.149,0.231,0.496,0.215,39072,42464,69330,59019,0.2915,0.3231,0.0558,0.1929,0.4073,0.4553,0.6494,0.5773,44,0.8617,0.0252,33486.97,0
112,4,"Birmingham-Hoover-Cullman, AL",Southeast,33.52068240,-86.80243260,2011,1.91,0.98,2.01,1.78,2.77,1.99,2383254089.0,47568,0,0,41644.36,0.76,5.28,0.315,0.2709,0.1984,0.8477,0.01,5315.00,8497.00,0.3288,0.003,0.1287,524.20,0.303,0.352,0.0429,0.477,0.033,0.085,0.143,0.229,0.511,0.229,32632,38948,55965,47608,0.3869,0.4524,0.1227,0.2303,0.5241,0.362,0.798,0.7072,35,0.9471,0.0206,2430.14,0
113,5,"Boston-Worcester-Manchester, MA-RI-NH",Northeast,42.36048230,-71.05956780,2011,2.71,2.59,3.46,1.97,3.54,2,22292835422.0,72950,0,0,58917.72,9.95,5.12,0.541,0.4268,0.1843,0.9039,0.008,6742.00,14416.00,0.5205,0.0087,0.0476,374.70,0.272,0.417,0.1667,0.474,0.029,0.086,0.149,0.234,0.503,0.222,42979,39155,78013,71892,0.294,0.3453,0.0611,0.122,0.3254,0.2567,0.6869,0.6192,53,0.7671,0.068,116981.50,0
114,6,"Buffalo-Niagara-Cattaraugus, NY",Northeast,42.88644680,-78.87836890,2011,2.13,0.52,3.17,2.07,2.84,2.08,4179716862.0,42027,0,0,40887.25,2.26,3.59,0.3782,0.2854,0.1835,0.8908,0.0095,8686.00,19883.00,0.6082,-0.0001,0.0757,439.20,0.213,0.329,0.0597,0.454,0.034,0.088,0.153,0.24,0.486,0.2,24018,24445,53867,48871,0.5146,0.4257,0.1157,0.2126,0.3394,0.3145,0.7308,0.6638,33,0.897,0.0466,21229.71,0
115,7,"Charlotte-Gastonia-Salisbury, NC-SC",Southeast,35.22708690,-80.84312680,2011,2.14,0.76,2.67,2.06,3.22,2.01,6253264614.0,53205,0,0,39229.36,1.60,4.08,0.3665,0.3256,0.217,0.8607,0.0163,8843.00,7831.00,0.4712,0.015,0.1645,428.10,0.302,0.392,0.1008,0.477,0.033,0.087,0.143,0.224,0.513,0.235,37424,38317,62609,52980,0.3238,0.3689,0.0993,0.2016,0.4803,0.4517,0.7644,0.668,40,0.9032,0.0255,22152.30,0
116,8,"Chicago-Naperville-Michigan City, IL-IN-WI",Midwest,41.87562080,-87.62437060,2011,2.51,1.86,3,2.39,3.07,2.25,39522438516.0,56165,0,0,46959.73,3.20,5.52,0.4035,0.3401,0.2123,0.8602,0.0103,7589.00,12586.00,0.1671,0.0025,0.1448,,0.247,0.371,0.1763,0.470,0.032,0.087,0.148,0.23,0.503,0.224,36793,46818,71905,60696,0.4022,0.2659,0.0681,0.1937,0.4164,0.5411,0.767,0.6649,51,0.7962,0.0578,342297.97,0
117,9,"Cincinnati-Middletown-Wilmington, OH-KY-IN",Midwest,39.10145370,-84.51246020,2011,2.15,1.15,2.29,2.3,2.95,2.05,18744231548.0,49592,0,0,41778.23,3.99,4.54,0.341,0.2927,0.207,0.8772,0.0129,4480.00,11541.00,0.4,0.0026,0.1145,294.50,0.269,0.363,0.0417,0.454,0.034,0.09,0.153,0.235,0.488,0.207,29951,37731,58616,54390,0.4782,0.3809,0.1262,0.1915,0.3538,0.4379,0.7439,0.6854,37,0.9126,0.0259,22394.77,0
118,10,"Cleveland-Akron-Elyria, OH",Midwest,41.48718880,-81.67786910,2011,1.99,1.16,2.19,1.88,2.53,2.2,11276112870.0,53555,0,0,43227.03,3.49,4.54,0.3297,0.2768,0.1982,0.876,0.011,4480.00,11541.00,0.274,-0.0037,0.1131,404.60,0.251,0.337,0.0588,0.470,0.032,0.087,0.147,0.232,0.502,0.22,27290,34260,56163,48109,0.4917,0.3881,0.118,0.2356,0.3927,0.4452,0.7582,0.6683,31,0.8985,0.0361,37539.63,0
119,11,"Columbus-Marion-Chillicothe, OH",Midwest,39.96226010,-83.00070650,2011,2.15,0.91,2.58,2.16,3.11,2,4327460203.0,51376,0,0,40519.55,2.42,4.54,0.3872,0.3301,0.204,0.8933,0.0105,4480.00,11541.00,0.5452,0.0099,0.1194,362.60,0.28,0.324,0.0697,0.458,0.033,0.09,0.151,0.235,0.491,0.209,32240,38861,59396,53732,0.4594,0.3394,0.1349,0.2113,0.3562,0.3419,0.6894,0.6256,40,0.9064,0.0254,18764.05,0
120,12,"Dallas-Fort Worth, TX",Southeast,32.78010520,-96.80000820,2011,2.33,1.86,2.43,2.59,2.85,1.9,26648739913.0,58359,0,0,44660.70,3.46,6.12,0.3045,0.3116,0.2274,0.8281,0.0116,6721.00,8903.00,0.4,0.018,0.2262,358.40,0.289,0.332,0.1751,0.462,0.036,0.089,0.147,0.23,0.498,0.218,40230,41024,71662,57714,0.3176,0.3269,0.0818,0.2138,0.418,0.5112,0.7139,0.6189,45,0.9149,0.0215,43611.26,0
121,13,"Dayton-Springfield-Greenville, OH",Midwest,39.75894780,-84.19160690,2011,2.17,0.66,2.14,2.35,3.38,2.32,2749220304.0,43509,0,0,37695.97,2.19,4.54,0.2783,0.2482,0.1923,0.8855,0.0061,4480.00,11541.00,0.6986,0,0.1152,290.10,0.275,0.29,0.0338,0.450,0.035,0.091,0.153,0.238,0.483,0.201,28713,43532,51339,46699,0.4585,0.3738,0.1718,0.2369,0.3996,0.4718,0.7083,0.6539,24,0.9142,0.029,6825.07,0
122,14,"Denver-Aurora-Boulder, CO",West,39.73915360,-104.98470340,2011,2.44,1.63,2.36,2.62,3.48,2.1,3771348698.0,59221,0,0,49999.12,2.92,5.51,0.3948,0.3832,0.2038,0.8832,0.0145,3774.00,8955.00,0.3644,0.0174,0.1538,354.80,0.322,0.439,0.1207,0.456,0.035,0.091,0.151,0.233,0.491,0.211,37773,42755,69656,61686,0.3795,0.3104,0.0699,0.1712,0.4032,0.4556,0.7056,0.6424,45,0.8555,0.0264,75954.77,0
123,15,"Detroit-Warren-Flint, MI",Midwest,42.34866350,-83.05673750,2011,2.04,1.68,2.09,2.23,2.28,1.93,49422750344.0,48080,0,0,40805.40,5.24,5.37,0.3022,0.2733,0.2058,0.8733,0.0159,5135.00,10977.00,0.4877,-0.0009,0.1273,1052.40,0.25,0.338,0.0871,0.463,0.032,0.087,0.15,0.237,0.494,0.208,31263,39985,58158,51231,0.4588,0.3641,0.1398,0.2415,0.47,0.597,0.7958,0.712,40,0.9293,0.0292,46275.69,0
124,16,"Fresno-Madera, CA",Southwest,36.72944550,-119.70886061,2011,1.55,0.01,1.77,2.11,1.23,2.61,2287998218.0,33949,0,0,32667.62,0.60,3.58,0.1808,0.1968,0.2449,0.7372,0.009,6596.00,9049.00,0.2082,0,0.2016,549.40,0.222,0,0.2218,0.463,0.034,0.085,0.148,0.236,0.497,0.207,27859,36680,60927,46720,0.4646,0.4303,0.1306,0.3503,0.3078,0.4293,0.6799,0.5457,15,0.8884,0.0331,15778.13,0
125,17,"Grand Rapids-Muskegon-Holland, MI",Midwest,42.96335990,-85.66808630,2011,2.46,0.76,2.32,2.86,4.01,2.33,2791890413.0,42120,0,0,34536.04,2.44,5.37,0.3093,0.2689,0.2156,0.8817,0.0125,5135.00,10977.00,0.8411,0,0.1129,345.40,0.367,0.33,0.0603,0.434,0.039,0.096,0.157,0.236,0.473,0.2,25393,33900,53457,50212,0.5891,0.4036,0.1346,0.2213,0.346,0.4671,0.7863,0.7322,24,0.918,0.0253,10314.14,0
126,18,"Greensboro-Winston-Salem-High Point, NC",Southeast,36.07263550,-79.79197540,2011,2.05,0.52,2.25,2.11,3.14,2.21,4054085072.0,47108,0,0,35092.27,2.08,4.08,0.2922,0.2611,0.1907,0.8433,0.009,8843.00,7831.00,0.6521,0,0.168,0,0.272,0.319,0.081,0.466,0.035,0.088,0.145,0.23,0.502,0.217,31892,31911,50629,42930,0.3545,0.4301,0.1308,0.2469,0.4442,0.4412,0.7544,0.6568,27,0.9285,0.0265,4924.14,0
127,19,"Greenville-Spartanburg-Anderson, SC",Southeast,34.85123160,-82.39851050,2011,1.83,0.71,1.84,2,2.93,1.69,11743696084.0,38607,0,0,33615.84,4.41,4.77,0.3097,0.2743,0.1912,0.8407,0.0098,4364.00,9061.00,0.5178,0,0.1642,539.70,0.301,0.296,0.067,0.466,0.034,0.087,0.147,0.231,0.501,0.219,30378,30921,50841,45572,0.4393,0.4259,0.149,0.2389,0.4655,0.4395,0.7505,0.6833,0,0.9295,0.0229,497.34,0
128,20,"Hartford-West Hartford-Willimantic, CT",Northeast,41.76559900,-72.69058501,2011,2.69,1.77,3.41,2.75,3.49,2.05,9321565460.0,65776,0,0,54081.26,5.24,4.47,0.3982,0.3486,0.1934,0.8888,0.0107,10024.00,16452.00,0.7562,0.0019,0.0784,293.40,0.269,0.4,0.1291,0.451,0.034,0.091,0.154,0.237,0.484,0.205,43503,35062,76088,67606,0.2515,0.3348,0.0523,0.1325,0.4096,0.3141,0.7772,0.6875,38,0.8918,0.0321,14972.64,0
129,21,"Houston-Baytown-Huntsville, TX",Southeast,29.95192650,-95.54091698,2011,2.3,2.86,2.3,2.19,2.42,1.73,99999999999.9,65705,0,0,48719.01,3.64,6.12,0.2802,0.2842,0.231,0.8028,0.0099,6721.00,8903.00,0.3096,0.0174,0.247,550.80,0.23,0.358,0.2215,0.478,0.032,0.084,0.143,0.229,0.512,0.226,41094,42043,76546,56931,0.3041,0.3379,0.0865,0.24,0.4631,0.5342,0.7301,0.6237,52,0.9099,0.0289,66451.03,0
130,22,"Indianapolis-Anderson-Columbus, IN",Midwest,39.76837950,-86.15804470,2011,2.11,1.48,2.26,2.35,2.54,1.91,9560684920.0,57916,0,0,40683.34,2.82,5.99,0.35,0.3079,0.2163,0.8677,0.015,4772.00,9273.00,0.1863,0.0093,0.1388,586.20,0.269,0.336,0.0645,0.455,0.037,0.091,0.149,0.232,0.492,0.215,32143,32107,58079,52501,0.3743,0.4445,0.1208,0.2021,0.3975,0.4025,0.7373,0.6691,41,0.9279,0.0217,9254.94,0
131,23,"Jacksonville, FL",Southeast,30.33218380,-81.65565100,2011,2.27,1.3,2.18,2.52,3.14,2.22,2385248229.0,41352,0,0,41517.15,1.06,6.84,0.2731,0.271,0.199,0.8785,0.0065,5475.00,8621.00,0.611,0.0088,0.1623,523.60,0.322,0.339,0.0805,0.460,0.034,0.092,0.15,0.229,0.495,0.224,35017,43199,58449,52452,0.3759,0.2331,0.1278,0.2044,0.4924,0.5364,0.7392,0.6752,30,0.9124,0.0241,11719.91,0
132,24,"Kansas City-Overland Park-Kansas City, MO-KS",Midwest,39.08446870,-94.56302980,2011,2.4,1.41,2.61,2.84,2.87,2.29,7958905529.0,52825,0,0,44099.74,3.12,5.64,0.3607,0.3273,0.2099,0.8936,0.0122,5998.00,9599.00,0.2822,0.0055,0.1325,476.80,0.31,0.36,0.0631,0.443,0.037,0.094,0.155,0.236,0.479,0.202,32703,40198,62328,56673,0.399,0.3175,0.1042,0.1801,0.4116,0.4894,0.7347,0.6755,27,0.9197,0.0212,16147.32,0
133,25,"Knoxville-Sevierville-La Follette, TN",Southeast,35.96039480,-83.92102610,2011,2.04,0.85,2.1,1.99,3.24,2,2556464496.0,39771,0,0,35175.74,2.69,5.72,0.346,0.2891,0.1765,0.8724,0.0112,6416.00,8568.00,0.3863,0,0.1179,460.00,0.298,0.35,0.0397,0.459,0.035,0.089,0.149,0.233,0.494,0.215,25328,32174,48771,46432,0.4939,0.4527,0.1534,0.2016,0.356,0.406,0.7264,0.6895,37,0.9379,0.0156,3085.40,0
134,26,"Las Vegas-Paradise-Pahrump, NV",Southwest,36.14520400,-115.16118060,2011,1.99,1.3,1.2,3.07,2.48,1.9,1667576095.0,42646,0,0,36446.27,1.18,7.42,0.2067,0.219,0.1966,0.826,0.0294,7081.00,8619.00,0.4822,0.0074,0.2251,647.00,0.221,0.408,0.2188,0.442,0.038,0.096,0.154,0.232,0.481,0.205,40163,43727,60395,53476,0.35,0.2872,0.1073,0.2138,0.3307,0.4406,0.6302,0.5536,44,0.8965,0.0371,55476.97,0
135,27,"Los Angeles-Long Beach-Riverside, CA",Southwest,34.05367810,-118.24270250,2011,2.06,1.71,2.18,1.99,2.27,2.16,72688940296.0,58155,0,0,45328.26,4.01,3.58,0.3282,0.3082,0.2069,0.7845,0.0088,6596.00,9049.00,0.0548,0.0079,0.2157,405.40,0.22,0.392,0.3441,0.486,0.031,0.082,0.142,0.227,0.519,0.234,43256,47418,76050,60102,0.2988,0.2961,0.0732,0.2245,0.3521,0.3945,0.602,0.4999,61,0.8427,0.0408,541955.05,0
136,28,"Louisville-Jefferson County-Elizabethtown-Scottsburg, KY-IN",Southeast,38.25423760,-85.75940700,2011,2.01,0.92,2.04,2.22,2.84,2.05,6756598827.0,0,0,0,39847.67,1.21,5.17,0.3072,0.2536,0.2009,0.8623,0.0164,6491.00,9763.00,0.2493,0.0056,0.1289,419.00,0.309,0.35,0.0474,0.456,0.036,0.091,0.149,0.233,0.492,0.213,30024,34756,52661,48273,0.4492,0.4175,0.1414,0.2201,0.3891,0.3599,0.7471,0.6846,35,0.921,0.0281,14681.19,0
137,29,"Memphis, TN-MS-AR",Southeast,35.14902150,-90.05162850,2011,1.85,1.17,2.09,1.93,2.13,1.92,11978609340.0,46411,0,0,39328.01,2.29,5.72,0.2706,0.2505,0.2195,0.8441,0.0135,6416.00,8568.00,0.4575,0.0051,0.1612,980.40,0.219,0.315,0.0508,0.471,0.032,0.086,0.147,0.233,0.504,0.218,33389,33459,62931,47019,0.418,0.4093,0.0988,0.2847,0.4985,0.3778,0.7645,0.6335,38,0.9349,0.0285,9287.21,0
138,30,"Miami-Fort Lauderdale-Pompano Beach, FL",Southeast,25.77426580,-80.19365890,2011,1.97,1.87,1.7,1.89,2.44,1.96,43129863646.0,43806,0,0,43813.63,1.97,6.84,0.2882,0.2821,0.1821,0.8274,0.0124,5475.00,8621.00,0.6822,0.019,0.2609,724.00,0.163,0.375,0.3835,0.499,0.03,0.08,0.137,0.22,0.533,0.25,37172,41921,57900,47543,0.364,0.2343,0.1034,0.2289,0.4943,0.5638,0.7495,0.6379,47,0.8817,0.0367,125753.27,0
139,31,"Milwaukee-Racine-Waukesha, WI",Midwest,43.03499310,-87.92249700,2011,2.33,1.23,2.8,2.16,3.19,2.29,8826252575.0,56663,0,0,45543.84,3.55,4.40,0.3594,0.3144,0.2073,0.8874,0.0089,6539.00,11883.00,0.5671,0.003,0.0983,448.10,0.32,0.34,0.0692,0.459,0.035,0.088,0.15,0.235,0.492,0.213,26936,36893,61986,52916,0.5146,0.3741,0.0722,0.2281,0.3175,0.4215,0.6981,0.6153,28,0.8906,0.0385,45358.16,0
140,32,"Minneapolis-St. Paul-St. Cloud, MN-WI",Midwest,44.97729950,-93.26546920,2011,2.84,1.84,3.09,2.96,3.98,2.32,26189091665.0,60523,0,0,49335.04,9.47,4.19,0.4339,0.3802,0.2079,0.9195,0.0071,5221.00,10724.00,0.5397,0.0099,0.0898,,0.37,0.4,0.0962,0.440,0.037,0.096,0.156,0.233,0.477,0.207,29585,41997,71047,66007,0.452,0.2897,0.0629,0.144,0.251,0.3982,0.7725,0.7132,34,0.8676,0.0273,80638.03,0
141,33,"Nashville-Davidson-Murfreesboro-Columbia, TN",Southeast,36.16222570,-86.77434190,2011,2.13,1.26,2.4,2.29,2.9,1.82,5878661947.0,51915,0,0,42476.20,1.33,5.72,0.3459,0.3036,0.1999,0.8678,0.0093,6416.00,8568.00,0.5041,0.0134,0.1391,650.80,0.309,0.299,0.0755,0.461,0.035,0.091,0.148,0.227,0.499,0.224,35297,37673,56512,52155,0.3882,0.3664,0.139,0.2091,0.4414,0.3874,0.7289,0.6679,47,0.9196,0.0174,8225.44,0
142,34,"New Orleans-Metairie-Bogalusa, LA",Southeast,29.94993230,-90.07011560,2011,1.91,1.32,2.05,1.61,2.34,2.21,20336934449.0,56812,0,0,44262.42,0.83,4.94,0.3102,0.2637,0.1976,0.8376,0.0162,6904.00,10837.00,0.3041,0.0151,0.1766,490.60,0.181,0.299,0.0725,0.485,0.029,0.082,0.142,0.232,0.514,0.226,30402,44581,59607,47302,0.4414,0.218,0.1022,0.2554,0.4767,0.4547,0.7339,0.6298,28,0.8946,0.0444,13436.11,0
143,35,"New York-Newark-Bridgeport, NY-NJ-CT-PA",Northeast,40.73059910,-73.98658120,2011,2.55,2.51,3.46,1.32,2.78,2.69,99999999999.9,67716,0,0,57310.48,3.31,3.59,0.4447,0.36,0.1925,0.8457,0.0077,8686.00,19883.00,0.2795,0.0067,0.1326,406.00,0,0.433,0.2868,0.504,0.027,0.077,0.138,0.226,0.532,0.246,44905,43136,82252,65279,0.2881,0.3129,0.0863,0.1911,0.3211,0.2615,0.6685,0.5194,59,0.5714,0.2312,1190395.01,0
144,36,"Oklahoma City-Shawnee, OK",West,35.47074190,-97.51988060,2011,2.02,0.89,2.14,2.22,2.9,1.97,1592772677.0,47249,0,0,40889.54,1.01,5.05,0.2934,0.2759,0.2013,0.8689,0.0107,6338.00,7454.00,0.4192,0.0142,0.1782,528.20,0.288,0.364,0.0781,0.461,0.035,0.089,0.148,0.231,0.496,0.218,31974,34303,53072,48456,0.4111,0.3646,0.134,0.2209,0.4158,0.4945,0.7168,0.6564,38,0.9332,0.0198,2713.05,0
145,37,"Orlando-Deltona-Daytona Beach, FL",Southeast,28.54211750,-81.37904620,2011,2.12,1.22,2,2.79,2.7,1.89,3229989189.0,45862,0,0,36199.55,1.51,6.84,0.2836,0.2754,0.1987,0.8697,0.0124,5475.00,8621.00,0.6822,0.0166,0.2099,595.70,0.193,0.363,0.1617,0.455,0.038,0.092,0.147,0.226,0.497,0.219,36655,39745,55926,48828,0.3732,0.2562,0.1044,0.2059,0.4655,0.5186,0.7286,0.6458,45,0.9033,0.0266,26996.16,0
146,38,"Philadelphia-Camden-Vineland, PA-NJ-DE-MD",Northeast,39.95233500,-75.16378900,2011,2.29,1.82,2.72,2.1,2.73,2.07,26155750584.0,58854,0,0,49675.68,3.47,5.33,0.3913,0.3289,0.1984,0.8818,0.0086,5187.00,13406.00,0.2548,0.0043,0.1001,532.30,0.258,0.368,0.0966,0.471,0.03,0.085,0.148,0.235,0.502,0.216,36853,38563,73068,61862,0.3376,0.3574,0.0652,0.1711,0.5009,0.4623,0.765,0.6873,48,0.817,0.0621,193134.74,0
147,39,"Phoenix-Mesa-Glendale, AZ",Southwest,33.36116800,-112.12130217,2011,2.1,0.97,2.07,2.69,2.56,2.2,10914400733.0,44214,0,0,37682.92,3.24,5.14,0.2632,0.2799,0.2098,0.8529,0.0112,5863.00,8022.00,0.063,0.0101,0.1712,379.80,0.254,0.38,0.1458,0.452,0.035,0.093,0.151,0.233,0.488,0.208,39621,39487,59542,53006,0.3008,0.3442,0.1117,0.2288,0.3541,0.5089,0.711,0.6426,35,0.8802,0.0317,53845.28,0
148,40,"Pittsburgh-New Castle, PA",Midwest,40.44169410,-79.99008610,2011,2.24,1.42,2.56,2.18,2.93,2.12,15165462598.0,49978,0,0,45892.69,3.04,5.33,0.4072,0.2885,0.1711,0.9101,0.0064,5187.00,13406.00,0.2192,0.0014,0.083,299.70,0.276,0.373,0.032,0.462,0.035,0.087,0.149,0.232,0.497,0.216,25876,41494,52219,49827,0.4505,0.2486,0.1203,0.1721,0.3582,0.4897,0.743,0.7023,39,0.8613,0.0405,55509.78,0
149,41,"Portland-Vancouver-Hillsboro, OR-WA",West,45.52024710,-122.67419490,2011,2.56,1.91,2.25,2.67,3.72,2.22,20875659380.0,65521,0,0,42175.73,7.85,5.61,0.3462,0.3379,0.1923,0.8943,0.0131,4427.00,9906.00,0.7041,0.0126,0.1482,259.70,0.309,0.405,0.1247,0.445,0.037,0.094,0.154,0.234,0.482,0.205,33587,40359,59283,56733,0.4226,0.3285,0.1298,0.1796,0.3237,0.3577,0.649,0.6138,44,0.8082,0.0353,65298.29,0
150,42,"Raleigh-Durham-Cary, NC",Southeast,35.78040150,-78.63907790,2011,2.68,1.2,3.29,3.18,3.27,2.44,2254387295.0,50776,0,0,41489.62,10.53,4.08,0.4397,0.4131,0.217,0.8902,0.0116,8843.00,7831.00,0.6055,0.0223,0.1455,243.30,0.228,0.336,0.1183,0.437,0.038,0.095,0.154,0.238,0.475,0.191,41488,38153,71359,61168,0.2768,0.395,0.0687,0.1641,0.4862,0.4362,0.759,0.6792,23,0.9011,0.0203,2432.67,0
151,43,"Richmond, VA",Southeast,37.54123900,-77.44201830,2011,2.37,1.02,2.41,3.08,3.09,2.24,5072752615.0,50580,0,0,39745.04,1.78,5.20,0.3547,0.3166,0.191,0.8567,0.0051,5225.00,10637.00,0.6548,0.0073,0.1282,234.80,0.223,0.349,0.0698,0.444,0.038,0.095,0.152,0.233,0.483,0.205,41702,43055,68664,58145,0.2777,0.2824,0.0663,0.1575,0.5256,0.4013,0.7757,0.6841,29,0.9101,0.025,12776.71,0
152,44,"Rochester-Batavia-Seneca Falls, NY",Northeast,43.15728510,-77.61521410,2011,2.53,1.09,3.28,2.52,3.57,2.21,5492902279.0,44379,0,0,41713.34,12.21,3.59,0.3847,0.3235,0.1897,0.8856,0.0108,8686.00,19883.00,0.875,0,0.079,289.30,0.348,0,0.0683,0.445,0.036,0.093,0.155,0.238,0.479,0.203,27026,31474,57629,52785,0.4981,0.4271,0.095,0.1986,0.3529,0.3765,0.7494,0.6872,28,0.9005,0.0411,17506.96,0
153,45,"Sacramento-Arden-Arcade-Yuba City, CA-NV",West,38.47322590,-121.29807070,2011,2.25,0.57,2.46,2.91,2.97,2.32,4685991569.0,44243,0,0,41572.14,2.18,3.58,0.287,0.2982,0.2079,0.8714,0.0073,6596.00,9049.00,0.4411,0.0101,0.1272,420.20,0.291,0.374,0.1753,0.441,0.036,0.092,0.155,0.241,0.476,0.19,41178,44721,64646,58820,0.3635,0.2954,0.1098,0.2012,0.3522,0.4572,0.6738,0.607,32,0.8686,0.0246,16613.57,0
154,46,"Salt Lake City-Ogden-Clearfield, UT",West,40.76064670,-111.89109000,2011,2.59,1.48,2.25,3.33,3.56,2.34,15579200606.0,58733,0,0,39305.46,1.76,6.09,0.2891,0.2991,0.238,0.8815,0.0165,5338.00,6321.00,0.6219,0.014,0.1611,303.80,0.332,0.404,0.1144,0.428,0.04,0.1,0.158,0.232,0.47,0.202,30430,41681,63891,59624,0.4115,0.3132,0.0972,0.1598,0.2681,0.4787,0.7277,0.6792,30,0.8826,0.0215,21560.36,0
155,47,"San Antonio-New Braunfels, TX",Southwest,29.42460020,-98.49514050,2011,2.22,1.1,2.09,2.71,3.15,2.06,10506487169.0,38230,0,0,37587.59,2.90,6.12,0.2581,0.2572,0.2247,0.8232,0.0139,6721.00,8903.00,0.6192,0.0179,0.1981,398.10,0.301,0.333,0.1185,0.457,0.035,0.09,0.15,0.232,0.493,0.212,42908,41436,65164,51377,0.2949,0.2994,0.0814,0.2353,0.4626,0.5914,0.723,0.6389,38,0.9063,0.0279,44157.54,0
156,48,"San Diego-Carlsbad-San Marcos, CA",Southwest,32.74698690,-117.21177000,2011,2.4,1.77,2.5,2.59,2.88,2.26,17410514501.0,56886,0,0,47783.98,15.31,3.58,0.3459,0.3392,0.1926,0.8556,0.0066,6596.00,9049.00,0.1781,0.011,0.1737,351.50,0,0.41,0.2342,0.457,0.033,0.09,0.151,0.236,0.491,0.206,48496,46108,70498,62497,0.2812,0.2622,0.093,0.1835,0.307,0.3962,0.6171,0.5412,37,0.8609,0.0256,60062.00,0
157,49,"San Jose-San Francisco-Oakland, CA",West,37.34385020,-121.88313490,2011,2.68,3.22,2.86,2.21,3.1,2.02,23573785813.0,95459,0,0,62564.24,20.85,3.58,0.4856,0.4367,0.1763,0.8716,0.009,6596.00,9049.00,0.5068,0.0119,0.1201,421.90,0,0.412,0.299,0.479,0.03,0.084,0.145,0.232,0.51,0.223,42960,57682,90277,76456,0.3225,0.2042,0.053,0.1341,0.3374,0.4145,0.6117,0.5437,61,0.7183,0.069,170242.66,0
158,50,"Seattle-Tacoma-Olympia, WA",West,47.60383210,-122.33006240,2011,2.99,3.28,2.69,3,3.79,2.18,41117517055.0,71860,0,0,52016.86,19.52,6.20,0.3877,0.3725,0.1848,0.9049,0.0076,5708.00,9866.00,0.663,0.0142,0.1266,330.20,0.334,0.426,0.166,0.442,0.037,0.095,0.155,0.235,0.478,0.203,41321,47711,71041,66788,0.3466,0.2989,0.0868,0.1438,0.3307,0.385,0.6558,0.609,48,0.8077,0.0335,109946.68,0
159,51,"St. Louis-St. Charles-Farmington, MO-IL",Midwest,38.62727330,-90.19788890,2011,2.23,1.31,2.47,2.45,2.74,2.19,12307553467.0,47983,0,0,43880.97,1.78,5.64,0.3595,0.3003,0.2016,0.8887,0.011,5998.00,9599.00,0.1616,0.0013,0.1079,495.40,0.316,0.353,0.044,0.457,0.035,0.09,0.15,0.234,0.492,0.213,31521,43446,59761,53457,0.4098,0.2872,0.1143,0.1899,0.4352,0.5325,0.7769,0.706,31,0.9114,0.0276,28347.54,0
160,52,"Tampa-St. Petersburg-Clearwater, FL",Southeast,27.94775950,-82.45844400,2011,2.05,1.29,1.61,2.29,2.99,2.06,7736650172.0,38625,0,0,40037.66,1.75,6.84,0.2818,0.2526,0.1752,0.8649,0.0151,5475.00,8621.00,0.5973,0.0135,0.1841,435.20,0.266,0.357,0.1232,0.466,0.035,0.089,0.146,0.227,0.504,0.223,33649,39503,49044,45971,0.3898,0.3034,0.1354,0.2189,0.4125,0.526,0.7352,0.6745,38,0.8984,0.0283,28206.05,0
161,53,"Virginia Beach-Norfolk-Newport News, VA-NC",Southeast,36.85298410,-75.97741830,2011,2.35,0.84,2.23,3.74,2.99,1.95,2594606015.0,48426,0,0,37844.89,0.66,5.20,0.2741,0.2806,0.1959,0.8942,0.0092,5225.00,10637.00,0.6603,0.0039,0.1189,324.40,0.215,0.356,0.0621,0.420,0.04,0.101,0.16,0.238,0.46,0.188,42926,56404,68331,59653,0.3008,0.1935,0.0738,0.1676,0.4754,0.4469,0.7282,0.6386,43,0.8968,0.0266,15724.60,0
162,54,"Washington-Baltimore-Northern Virginia, DC-MD-VA-WV",Northeast,38.89511480,-77.03637160,2011,2.97,1.49,4.22,3.88,3.48,1.8,10237927295.0,75903,0,0,41495.12,3.20,0,0.5085,0.4732,0.1976,0.8941,0.0068,0,20532.00,0.3507,0.0186,0.1176,374.90,0.315,0.407,0.2154,0.436,0.037,0.097,0.157,0.235,0.474,0.198,64323,65126,107704,89442,0.1862,0.1513,0.0337,0.1026,0.5084,0.4897,0.7344,0.6446,67,0.7631,0.0597,184024.56,0
163,1,"Albany-Schenectady-Amsterdam, NY",Northeast,42.65116740,-73.75496800,2012,2.31,0.89,2.7,2.92,3.38,1.65,3420057593.0,49329,0,0,45757.00,0,3.57,0.362,0.307,0.1627,0.9024,0.0127,0,0,0.8224,0.0015,0.0799,266.80,0,0,0.0585,0.431,0.038,0.095,0.159,0.242,0.466,0.188,30807,34766,60039,57344,0.4104,0.3613,0.1228,0.1739,0.2565,0.3327,0.711,0.6684,0,0.8118,0.0418,14449.73,229.13
164,2,"Atlanta-Sandy Springs-Gainesville, GA-AL",Southeast,33.74909870,-84.39018490,2012,2.08,1.3,2.97,2.43,2.16,1.53,18169075027.0,51755,0,0,40046.00,0,4.92,0.342,0.338,0.2002,0.8608,0.0142,0,0,0.3115,0.0132,0.1929,408.60,0,0.391,0.1314,0.469,0.032,0.088,0.147,0.23,0.503,0.217,41016,36889,65963,53986,0.3178,0.4133,0.108,0.23,0.4973,0.4232,0.7691,0.6517,0,0.7825,0.0316,67576.76,0.30
165,3,"Austin-Round Rock-Marble Falls, TX",Southwest,30.27112860,-97.74369950,2012,2.58,1.69,3.78,2.55,3.25,1.64,8976611543.0,52355,0,0,0,0,6.09,0.395,0.397,0.1842,0.8756,0.0059,0,0,0.7186,0.0281,0.1879,292.70,0,0.378,0.144,0.464,0.034,0.089,0.148,0.23,0.499,0.218,40367,41779,67653,58464,0.3522,0.3302,0.0608,0.2027,0.4113,0.4591,0.6455,0.5774,0,0.756,0.0246,33669.71,1.18
166,4,"Birmingham-Hoover-Cullman, AL",Southeast,33.52068240,-86.80243260,2012,1.61,1.17,2.02,1.75,1.85,1.28,1939217017.0,49579,0,0,40537.00,0,5.24,0.303,0.262,0.1795,0.8473,0.0166,0,0,0.4399,0.0032,0.1303,565.10,0,0.323,0.0407,0.477,0.032,0.084,0.144,0.232,0.508,0.224,32124,33938,52699,45724,0.4154,0.5161,0.1415,0.2516,0.5185,0.3868,0.7886,0.7044,0,0.8494,0.019,2734.05,0.00
167,5,"Boston-Worcester-Manchester, MA-RI-NH",Northeast,42.36048230,-71.05956780,2012,2.82,3.07,3.71,2.09,3.34,1.89,0,74144,0,0,54967.00,0,5.17,0.471,0.384,0.1661,0.8905,0.0072,0,0,0.612,0.0066,0.0591,355.20,0,0.438,0.1454,0.470,0.03,0.085,0.15,0.235,0.5,0.216,41111,36036,71187,66072,0.3132,0.3716,0.0811,0.1439,0.314,0.2607,0.6852,0.6243,0,0.7461,0.0527,123543.00,188.54
168,6,"Buffalo-Niagara-Cattaraugus, NY",Northeast,42.88644680,-78.87836890,2012,2.03,0.61,2.9,2.25,2.81,1.57,4305068299.0,42387,0,0,42413.00,0,3.57,0.392,0.284,0.1669,0.8947,0.01,0,0,0.6148,-0.0001,0.0747,442.50,0,0,0.0564,0.449,0.035,0.089,0.154,0.241,0.481,0.196,24036,26840,53534,48713,0.5144,0.4591,0.1253,0.2191,0.3329,0.3245,0.7286,0.6636,0,0.8258,0.0478,23490.11,229.13
169,7,"Charlotte-Gastonia-Salisbury, NC-SC",Southeast,35.22708690,-80.84312680,2012,1.96,1.22,2.63,2.1,2.44,1.42,0,54740,0,0,39965.00,0,4.22,0.33,0.291,0.192,0.8534,0.0135,0,0,0.6284,0.0136,0.1648,0,0,0.357,0.0857,0.478,0.033,0.086,0.144,0.225,0.513,0.233,34127,38214,57030,49843,0.3778,0.3677,0.1282,0.224,0.4687,0.4601,0.7638,0.6762,0,0.8106,0.0252,23328.04,7.62
170,8,"Chicago-Naperville-Michigan City, IL-IN-WI",Midwest,41.87562080,-87.62437060,2012,2.43,2.12,3.38,2.43,2.19,2.01,0,57116,0,0,47831.00,0,5.05,0.404,0.34,0.1902,0.8628,0.0091,0,0,0.1448,0.0028,0.1432,,0,0.377,0.1737,0.472,0.032,0.086,0.147,0.231,0.505,0.222,35071,45906,70090,59163,0.4244,0.2788,0.0776,0.2059,0.4064,0.5331,0.7613,0.6581,0,0.7161,0.0576,347576.77,63.34
171,9,"Cincinnati-Middletown-Wilmington, OH-KY-IN",Midwest,39.10145370,-84.51246020,2012,2.05,1.47,2.97,2.22,2.26,1.31,0,51194,0,0,43186.00,0,4.57,0.338,0.292,0.1866,0.884,0.0101,0,0,0.3142,0.0032,0.1116,284.50,0,0.365,0.0399,0.459,0.033,0.089,0.152,0.235,0.492,0.209,27477,40106,57298,53234,0.5229,0.3983,0.1318,0.2032,0.3446,0.4599,0.737,0.6793,0,0.8371,0.0245,21001.69,0.63
172,10,"Cleveland-Akron-Elyria, OH",Midwest,41.48718880,-81.67786910,2012,1.76,1.27,2.71,1.95,1.6,1.26,11063730494.0,55161,0,0,42351.00,0,4.57,0.33,0.276,0.1767,0.8823,0.0105,0,0,0.2951,-0.0021,0.1131,0,0,0.355,0.052,0.469,0.032,0.087,0.148,0.233,0.501,0.218,26410,33267,53962,47668,0.4848,0.3837,0.1386,0.2363,0.3888,0.4385,0.7478,0.6704,0,0.8391,0.0336,34248.60,0.63
173,11,"Columbus-Marion-Chillicothe, OH",Midwest,39.96226010,-83.00070650,2012,2.09,1.1,3.26,2.23,2.54,1.31,5488550180.0,53365,0,0,41156.00,0,4.57,0.37,0.312,0.1831,0.889,0.0082,0,0,0.5929,0.0091,0.1203,0,0,0.363,0.0634,0.458,0.034,0.09,0.151,0.234,0.492,0.211,32072,36348,57037,52480,0.4569,0.3252,0.1531,0.2166,0.3427,0.3129,0.6863,0.6258,0,0.8326,0.0265,18445.63,0.63
174,12,"Dallas-Fort Worth, TX",Southeast,32.78010520,-96.80000820,2012,2.28,2.22,3,2.65,2.09,1.46,27820946540.0,60451,0,0,45568.00,0,6.09,0.3,0.307,0.2065,0.8327,0.0089,0,0,0.3989,0.0171,0.2231,344.70,0,0.35,0.1695,0.463,0.035,0.089,0.147,0.231,0.499,0.217,39632,40711,68435,56274,0.3244,0.3261,0.0933,0.2181,0.4046,0.5132,0.7073,0.6155,0,0.8124,0.0206,45823.00,1.18
175,13,"Dayton-Springfield-Greenville, OH",Midwest,39.75894780,-84.19160690,2012,1.92,0.78,2.46,2.36,2.72,1.26,2790370866.0,44356,0,0,38796.00,0,4.57,0.255,0.231,0.1759,0.88,0.0075,0,0,0.6967,-0.0011,0.1163,291.70,0,0.393,0.0309,0.449,0.036,0.091,0.152,0.237,0.484,0.201,28261,39150,48241,44848,0.4613,0.4357,0.2031,0.2602,0.4113,0.4284,0.7017,0.6546,0,0.8398,0.0282,7358.40,0.63
176,14,"Denver-Aurora-Boulder, CO",West,39.73915360,-104.98470340,2012,2.52,1.88,3.48,2.62,2.95,1.68,3355784998.0,60216,0,0,49623.00,0,5.41,0.412,0.396,0.1831,0.8893,0.0121,0,0,0.3689,0.0176,0.1487,337.50,0,0.444,0.1172,0.458,0.034,0.09,0.15,0.233,0.493,0.212,39116,41666,68513,61331,0.4125,0.3094,0.0738,0.1735,0.3992,0.4624,0.6946,0.6381,0,0.7554,0.0258,76717.00,2.41
177,15,"Detroit-Warren-Flint, MI",Midwest,42.34866350,-83.05673750,2012,1.93,1.92,2.6,2.14,1.69,1.33,55387305415.0,49042,0,0,41276.00,0,5.37,0.316,0.282,0.1851,0.8813,0.0136,0,0,0.3552,-0.0012,0.12,574.40,0,0.333,0.0818,0.467,0.031,0.086,0.148,0.236,0.498,0.21,29826,40058,56403,50038,0.4865,0.3552,0.1518,0.251,0.4562,0.5545,0.7778,0.6976,0,0.8373,0.0303,43424.74,24.34
178,16,"Fresno-Madera, CA",Southwest,36.72944550,-119.70886061,2012,1.43,0.05,1.93,2.05,1.53,1.58,2626412853.0,33837,0,0,33672.00,0,3.68,0.161,0.184,0.2249,0.7328,0.0067,0,0,0.2377,0.0079,0.2047,539.80,0,0,0.2212,0.467,0.034,0.085,0.146,0.236,0.5,0.209,27050,35868,57769,44587,0.5289,0.4404,0.1817,0.3768,0.2923,0.4338,0.6784,0.545,0,0.7708,0.0343,14304.22,49.07
179,17,"Grand Rapids-Muskegon-Holland, MI",Midwest,42.96335990,-85.66808630,2012,2.17,0.88,2.82,3.04,2.74,1.34,3156396520.0,43277,0,0,35720.00,0,5.37,0.29,0.259,0.195,0.8889,0.0102,0,0,0.694,0.0038,0.1049,0,0,0.388,0.0526,0.434,0.04,0.096,0.157,0.235,0.473,0.202,23727,36185,52637,49826,0.5704,0.3733,0.1419,0.2143,0.3596,0.5085,0.7898,0.7436,0,0.8398,0.0224,11473.74,24.34
180,18,"Greensboro-Winston-Salem-High Point, NC",Southeast,36.07263550,-79.79197540,2012,1.63,0.64,1.8,2.21,2.22,1.29,4281926132.0,47529,0,0,36471.00,0,4.22,0.276,0.247,0.1759,0.8349,0.0159,0,0,0.7637,0.0062,0.166,369.30,0,0.294,0.0761,0.463,0.035,0.089,0.147,0.232,0.498,0.216,31138,30589,47739,42237,0.3909,0.4641,0.162,0.2694,0.4466,0.4439,0.7534,0.6693,0,0.8391,0.0258,5213.66,7.62
181,19,"Greenville-Spartanburg-Anderson, SC",Southeast,34.85123160,-82.39851050,2012,1.57,0.66,1.77,2.08,2.13,1.22,12291825186.0,38413,0,0,34434.00,0,4.82,0.261,0.233,0.1781,0.8242,0.0144,0,0,0.6694,0.0066,0.1664,570.50,0,0.338,0.0547,0.466,0.035,0.086,0.147,0.232,0.5,0.215,27479,32660,47312,42558,0.4471,0.4426,0.1756,0.2595,0.4519,0.4623,0.759,0.6903,0,0.8593,0.0221,2305.54,1.28
182,20,"Hartford-West Hartford-Willimantic, CT",Northeast,41.76559900,-72.69058501,2012,2.47,1.97,3.21,2.77,2.9,1.51,9680377089.0,66203,0,0,53389.00,0,4.53,0.393,0.343,0.1745,0.8902,0.0103,0,0,0.6421,0.0016,0.079,285.80,0,0.383,0.1207,0.453,0.033,0.091,0.154,0.236,0.486,0.205,41260,32956,73544,65880,0.297,0.3523,0.0524,0.142,0.3922,0.3077,0.7678,0.6802,0,0.8221,0.0324,16078.76,126.51
183,21,"Houston-Baytown-Huntsville, TX",Southeast,29.95192650,-95.54091698,2012,2.4,3.56,2.74,2.27,1.94,1.47,99999999999.9,70173,0,0,50490.00,0,6.09,0.285,0.288,0.2099,0.807,0.0096,0,0,0.3798,0.0189,0.2422,561.50,0,0.375,0.2191,0.481,0.032,0.083,0.142,0.229,0.514,0.227,40094,41787,74754,55744,0.3203,0.3449,0.0856,0.2471,0.4518,0.5333,0.7273,0.6192,0,0.8002,0.0281,58216.62,1.18
184,22,"Indianapolis-Anderson-Columbus, IN",Midwest,39.76837950,-86.15804470,2012,2.01,1.72,2.77,2.37,1.86,1.31,10436038962.0,58835,0,0,41236.00,0,5.95,0.335,0.292,0.1944,0.8709,0.0136,0,0,0.2486,0.0092,0.14,599.50,0,0.352,0.058,0.455,0.036,0.091,0.149,0.233,0.491,0.213,31175,32898,54978,50480,0.3898,0.4624,0.1402,0.2135,0.3844,0.4063,0.7331,0.67,0,0.8414,0.0227,9991.37,8.60
185,23,"Jacksonville, FL",Southeast,30.33218380,-81.65565100,2012,1.42,1.58,-99,-99,2.61,0.06,2595020515.0,41650,0,0,40955.00,0,6.90,0,0,0,0,0,0,0,0.7923,0,0,513.40,0,0.322,0,0,0,0,0,0,0,0,0,0,0,0,0,0,0,0,0,0,0,0,0,0,0,11500.90,11.39
186,24,"Kansas City-Overland Park-Kansas City, MO-KS",Midwest,39.08446870,-94.56302980,2012,2.27,1.93,3.31,2.8,1.96,1.34,0,53367,0,0,43373.00,0,5.48,0.358,0.327,0.1886,0.8992,0.0097,0,0,0.2268,0.007,0.1306,488.20,0,0.361,0.0608,0.447,0.036,0.093,0.154,0.235,0.482,0.206,32110,39600,60703,55020,0.4139,0.3121,0.1126,0.1872,0.4091,0.492,0.7266,0.6705,0,0.8336,0.0217,16794.08,0.50
187,25,"Knoxville-Sevierville-La Follette, TN",Southeast,35.96039480,-83.92102610,2012,1.73,0.95,2.07,1.96,2.38,1.29,2656750923.0,40236,0,0,36400.00,0,5.69,0.274,0.236,0.1613,0.8509,0.0093,0,0,0.5273,0.0058,0.1362,421.40,0,0.369,0.039,0.462,0.035,0.088,0.147,0.232,0.498,0.217,26299,33721,43609,42239,0.4261,0.4337,0.1994,0.2323,0.3659,0.3755,0.7195,0.6888,0,0.8516,0.0169,3173.12,6.95
188,26,"Las Vegas-Paradise-Pahrump, NV",Southwest,36.14520400,-115.16118060,2012,1.72,1.52,1.24,2.92,1.51,1.38,1811480065.0,42623,0,0,35764.00,0,7.45,0.208,0.218,0.1837,0.8315,0.0207,0,0,0.3661,0.0096,0.226,696.50,0,0.361,0.2142,0.449,0.037,0.094,0.151,0.23,0.488,0.212,37645,42047,56272,50701,0.3662,0.3073,0.1353,0.2349,0.32,0.427,0.621,0.5421,0,0.7888,0.0387,0.00,0.04
189,27,"Los Angeles-Long Beach-Riverside, CA",Southwest,34.05367810,-118.24270250,2012,2.14,1.89,2.55,2.35,1.73,2.2,75007521224.0,58734,0,0,43008.00,0,3.68,0.297,0.286,0.1951,0.7911,0.0085,0,0,0.0902,0.009,0.2103,393.00,0,0.407,0.3061,0.479,0.032,0.084,0.144,0.23,0.511,0.225,42297,46674,71204,57866,0.329,0.3062,0.0912,0.2378,0.3703,0.4337,0.6332,0.5326,0,0.7489,0.0352,535326.86,49.07
190,28,"Louisville-Jefferson County-Elizabethtown-Scottsburg, KY-IN",Southeast,38.25423760,-85.75940700,2012,1.08,2.1,-99,-99,1.15,0,0,0,0,0,0,0,5.20,0,0,0,0,0,0,0,0.3306,0,0,0,0,0.323,0,0,0,0,0,0,0,0,0,0,0,0,0,0,0,0,0,0,0,0,0,0,0,0,0.34
191,29,"Memphis, TN-MS-AR",Southeast,35.14902150,-90.05162850,2012,0.93,1.65,-99,-99,1.1,0.04,0,47075,0,0,40008.00,0,5.69,0,0,0,0,0,0,0,0.5601,0,0,1056.80,0,0.303,0,0,0,0,0,0,0,0,0,0,0,0,0,0,0,0,0,0,0,0,0,0,0,8404.56,6.95
192,30,"Miami-Fort Lauderdale-Pompano Beach, FL",Southeast,25.77426580,-80.19365890,2012,1.8,2.35,-99,-99,2.75,0.31,47858713857.0,44580,0,0,43958.00,0,6.90,0,0,0,0,0,0,0,0.6749,0,0,565.20,0,0.38,0,0,0,0,0,0,0,0,0,0,0,0,0,0,0,0,0,0,0,0,0,0,0,130662.62,11.39
193,31,"Milwaukee-Racine-Waukesha, WI",Midwest,43.03499310,-87.92249700,2012,2.05,1.34,3.25,2.22,2.05,1.4,9175579141.0,56524,0,0,45032.00,0,4.39,0.35,0.31,0.1939,0.888,0.0094,0,0,0.4699,0.003,0.0968,575.60,0,0.322,0.0676,0.459,0.035,0.088,0.151,0.236,0.491,0.213,26162,36571,61102,52468,0.5302,0.3672,0.0808,0.2326,0.31,0.4159,0.7034,0.6187,0,0.8085,0.0366,46273.19,20.64
194,32,"Minneapolis-St. Paul-St. Cloud, MN-WI",Midwest,44.97729950,-93.26546920,2012,2.8,1.94,4.01,3.03,3.36,1.64,0,60878,0,0,49191.00,0,4.20,0.428,0.374,0.1854,0.9212,0.0065,0,0,0.5956,0.009,0.0854,,0,0.391,0.0913,0.440,0.037,0.096,0.156,0.234,0.478,0.206,29201,41422,69056,64596,0.4554,0.2889,0.0634,0.1426,0.2355,0.3996,0.7657,0.708,0,0.7889,0.026,80427.23,57.88
195,33,"Nashville-Davidson-Murfreesboro-Columbia, TN",Southeast,36.16222570,-86.77434190,2012,2.19,1.63,3.18,2.24,2.48,1.41,6402109822.0,54069,0,0,44201.00,0,5.69,0.347,0.303,0.1819,0.8712,0.0061,0,0,0.5847,0.0143,0.1385,665.90,0,0.366,0.072,0.466,0.035,0.089,0.147,0.227,0.503,0.226,34172,36412,55233,50832,0.3916,0.3941,0.1364,0.216,0.4296,0.3536,0.7244,0.6601,0,0.8223,0.0186,9303.30,6.95
196,34,"New Orleans-Metairie-Bogalusa, LA",Southeast,29.94993230,-90.07011560,2012,1.7,1.57,2.07,1.4,2.1,1.36,24359505265.0,57043,0,0,41956.00,0,4.93,0.313,0.258,0.1746,0.8356,0.0141,0,0,0.395,0.0163,0.1713,483.10,0,0.327,0.0679,0.491,0.028,0.079,0.141,0.233,0.519,0.228,29595,42160,57326,45422,0.4605,0.2525,0.1231,0.276,0.476,0.445,0.7265,0.6249,0,0.7918,0.0431,18464.44,1.08
197,35,"New York-Newark-Bridgeport, NY-NJ-CT-PA",Northeast,40.73059910,-73.98658120,2012,2.69,2.43,3.44,1.51,3.22,2.87,0,68822,0,0,58119.00,0,3.57,0.441,0.364,0.1741,0.8533,0.0073,0,0,0.3552,0.0067,0.1276,,0,0.415,0.2696,0.504,0.027,0.077,0.139,0.226,0.532,0.246,43631,42132,80718,64932,0.3014,0.3167,0.0902,0.1936,0.3267,0.2679,0.6857,0.5394,0,0.5415,0.2075,1201586.56,229.13
198,36,"Oklahoma City-Shawnee, OK",West,35.47074190,-97.51988060,2012,1.9,1.15,2.69,2.22,2.07,1.34,1574562133.0,48420,0,0,42924.00,0,4.92,0.298,0.276,0.1847,0.871,0.01,0,0,0.4699,0.0146,0.1758,548.60,0,0.33,0.0756,0.465,0.034,0.088,0.148,0.23,0.5,0.222,31016,33993,53008,48192,0.4169,0.3845,0.1412,0.2291,0.416,0.5062,0.7148,0.6555,0,0.8319,0.0197,3005.91,1.52
199,37,"Orlando-Deltona-Daytona Beach, FL",Southeast,28.54211750,-81.37904620,2012,2.11,1.45,2.41,2.71,2.61,1.4,3850647288.0,45893,0,0,36007.00,0,6.90,0.276,0.261,0.1679,0.8709,0.0088,0,0,0.8579,0.0156,0.1988,546.10,0,0.356,0.1421,0.458,0.037,0.091,0.147,0.228,0.497,0.219,34053,37234,50907,45798,0.4084,0.2972,0.1375,0.2374,0.4469,0.5227,0.7429,0.665,0,0.8165,0.0269,27271.12,11.39
200,38,"Philadelphia-Camden-Vineland, PA-NJ-DE-MD",Northeast,39.95233500,-75.16378900,2012,2.5,2.42,3.15,2.16,3.03,1.75,0,59264,0,0,49831.00,0,5.32,0.381,0.323,0.176,0.8789,0.0088,0,0,0.2951,0.0044,0.1012,,0,0.372,0.0961,0.472,0.03,0.085,0.148,0.235,0.502,0.216,35948,36453,70212,59754,0.3502,0.39,0.0689,0.1827,0.494,0.4441,0.7622,0.683,0,0.7465,0.0605,199855.61,85.71
201,39,"Phoenix-Mesa-Glendale, AZ",Southwest,33.36116800,-112.12130217,2012,1.01,1.11,-99,-99,1.8,0.12,10834262990.0,44977,0,0,0,0,5.11,0,0,0,0,0,0,0,0.0847,0,0,406.80,0,0.389,0,0,0,0,0,0,0,0,0,0,0,0,0,0,0,0,0,0,0,0,0,0,0,56531.73,0.00
202,40,"Pittsburgh-New Castle, PA",Midwest,40.44169410,-79.99008610,2012,2.22,1.66,3.22,2.18,2.44,1.61,14134705525.0,51136,0,0,46458.00,0,5.32,0.417,0.294,0.1532,0.913,0.0056,0,0,0.2158,0.0004,0.0819,,0,0.357,0.0317,0.465,0.035,0.087,0.148,0.232,0.499,0.219,26747,41705,51787,49612,0.4372,0.2595,0.1315,0.1794,0.3601,0.4865,0.7377,0.6991,0,0.7794,0.0402,57275.67,85.71
203,41,"Portland-Vancouver-Hillsboro, OR-WA",West,45.52024710,-122.67419490,2012,2.04,2.23,-99,-99,3.73,0.17,0,67717,0,0,41139.00,0,5.62,0,0,0,0,0,0,0,0.7541,0,0,132.90,0,0.396,0,0,0,0,0,0,0,0,0,0,0,0,0,0,0,0,0,0,0,0,0,0,0,66475.99,8.44
204,42,"Raleigh-Durham-Cary, NC",Southeast,35.78040150,-78.63907790,2012,2.48,0.91,3.99,2.64,3.4,1.47,2308052342.0,50699,0,0,41445.00,0,4.22,0.441,0.403,0.1866,0.8842,0.0065,0,0,0.7158,0.0212,0.1509,247.00,0,0.377,0.1151,0.456,0.035,0.09,0.149,0.235,0.492,0.205,37175,35946,66426,55673,0.3193,0.4135,0.0851,0.1974,0.4729,0.4096,0.7351,0.6482,0,0.7963,0.025,9386.35,7.62
205,43,"Richmond, VA",Southeast,37.54123900,-77.44201830,2012,1.43,1.16,-99,-99,3.02,0.12,4328084565.0,50789,0,0,0,0,5.12,0,0,0,0,0,0,0,0.7541,0,0,243.40,0,0.33,0,0,0,0,0,0,0,0,0,0,0,0,0,0,0,0,0,0,0,0,0,0,0,10009.14,29.51
206,44,"Rochester-Batavia-Seneca Falls, NY",Northeast,43.15728510,-77.61521410,2012,2.29,0.7,2.9,2.55,3.71,1.58,5329839321.0,44745,0,0,43133.00,0,3.57,0.37,0.313,0.1715,0.8912,0.0114,0,0,0.8306,0.0017,0.079,,0,0,0.0647,0.443,0.036,0.093,0.155,0.24,0.477,0.197,26779,30685,56256,51779,0.5208,0.4187,0.1121,0.2078,0.3422,0.3211,0.7465,0.6829,0,0.8383,0.039,22547.76,229.13
207,45,"Sacramento-Arden-Arcade-Yuba City, CA-NV",West,38.47322590,-121.29807070,2012,2.17,0.78,3.01,2.78,2.55,1.71,5194595750.0,44957,0,0,44099.00,0,3.68,0.275,0.292,0.1894,0.8737,0.0062,0,0,0.4891,0.009,0.1382,441.10,0,0,0.1696,0.448,0.035,0.091,0.153,0.239,0.482,0.196,38819,42322,62501,56513,0.4161,0.3258,0.1269,0.2186,0.3502,0.4345,0.6738,0.6062,0,0.7563,0.0238,16290.17,49.07
208,46,"Salt Lake City-Ogden-Clearfield, UT",West,40.76064670,-111.89109000,2012,2.68,1.67,3.37,3.81,2.97,1.58,15989999420.0,61374,0,0,36745.00,0,6.05,0.288,0.302,0.224,0.8941,0.011,0,0,0.5628,0.0143,0.1479,327.50,0,0.418,0.0964,0.422,0.041,0.102,0.16,0.233,0.464,0.198,41216,41313,63603,60205,0.2757,0.3495,0.0915,0.1537,0.3544,0.5185,0.7416,0.7016,0,0.7738,0.0213,20151.38,0.00
209,47,"San Antonio-New Braunfels, TX",Southwest,29.42460020,-98.49514050,2012,1.32,1.43,-99,-99,2.43,0.11,14010234128.0,38954,0,0,0,0,6.09,0,0,0,0,0,0,0,0.6585,0,0,390.70,0,0.312,0,0,0,0,0,0,0,0,0,0,0,0,0,0,0,0,0,0,0,0,0,0,0,49322.84,1.18
210,48,"San Diego-Carlsbad-San Marcos, CA",Southwest,32.74698690,-117.21177000,2012,1.09,0.94,-99,-99,2.06,0.29,17183269138.0,57584,0,0,0,0,3.68,0,0,0,0,0,0,0,0.2022,0,0,373.60,0,0.383,0,0,0,0,0,0,0,0,0,0,0,0,0,0,0,0,0,0,0,0,0,0,0,62957.63,49.07
211,49,"San Jose-San Francisco-Oakland, CA",West,37.34385020,-121.88313490,2012,2.89,2.85,3.66,2.47,3.61,1.86,26687656696.0,97188,0,0,60603.00,0,3.68,0.453,0.422,0.1655,0.8707,0.0077,0,0,0.6557,0.0122,0.1227,274.00,0,0.498,0.2961,0.476,0.03,0.084,0.146,0.232,0.507,0.219,45243,53675,85435,75557,0.3086,0.2324,0.06,0.1426,0.3497,0.3974,0.6287,0.555,0,0.6769,0.0499,32338.38,49.07
212,50,"Seattle-Tacoma-Olympia, WA",West,47.60383210,-122.33006240,2012,2.9,3.12,3.33,3.05,3.16,1.85,50301690645.0,74108,0,0,51058.00,0,6.36,0.363,0.357,0.1666,0.9075,0.0076,0,0,0.653,0.0121,0.1301,308.80,0,0.413,0.1524,0.442,0.036,0.095,0.155,0.235,0.479,0.202,41151,45315,67621,64210,0.3531,0.3255,0.1008,0.1579,0.3215,0.3806,0.6621,0.6145,0,0.7152,0.0321,114931.37,7.74
213,51,"St. Louis-St. Charles-Farmington, MO-IL",Midwest,38.62727330,-90.19788890,2012,2.06,1.86,2.99,2.41,1.7,1.31,0,48801,0,0,44153.00,0,5.48,0.355,0.301,0.1793,0.8896,0.0101,0,0,0.1858,0.0021,0.1107,463.60,0,0.325,0.0441,0.461,0.034,0.089,0.149,0.233,0.495,0.214,30432,42394,58259,52242,0.4263,0.2876,0.1215,0.199,0.4274,0.515,0.7725,0.7021,0,0.833,0.0287,31610.51,0.50
214,52,"Tampa-St. Petersburg-Clearwater, FL",Southeast,27.94775950,-82.45844400,2012,1.68,1.68,-99,-99,3.26,0.1,7190041538.0,39614,0,0,0,0,6.90,0,0,0,0,0,0,0,0.6721,0,0,409.30,0,0.413,0,0,0,0,0,0,0,0,0,0,0,0,0,0,0,0,0,0,0,0,0,0,0,28984.23,11.39
215,53,"Virginia Beach-Norfolk-Newport News, VA-NC",Southeast,36.85298410,-75.97741830,2012,1.63,1.69,-99,-99,3.08,0.13,0,48834,0,0,43824.00,0,5.12,0,0,0,0,0,0,0,0.7951,0,0,300.80,0,0.338,0,0,0,0,0,0,0,0,0,0,0,0,0,0,0,0,0,0,0,0,0,0,0,16166.48,29.51
216,54,"Washington-Baltimore-Northern Virginia, DC-MD-VA-WV",Northeast,38.89511480,-77.03637160,2012,3.47,3.87,3.95,3.59,2.85,3.07,0,75198,0,0,57810.00,0,0,0.473,0.432,0.1748,0.8913,0.0085,0,0,0.3224,0.0155,0.1106,332.70,0,0.391,0.174,0.445,0.035,0.094,0.155,0.237,0.48,0.199,56642,63387,95147,80752,0.2271,0.1666,0.0484,0.121,0.4891,0.4681,0.7413,0.6471,0,0.6988,0.057,192528.17,782.46
